"12","https://media.propmix.io/mktlite/media/image?ListingId=PFX142236592&imageName=12","24"
"13","https://media.propmix.io/mktlite/media/image?ListingId=PFX142236592&imageName=13","24"
"14","https://media.propmix.io/mktlite/media/image?ListingId=PFX142236592&imageName=14","24"
"28","https://media.propmix.io/mktlite/media/image?ListingId=PFX142215716&imageName=12","24"
"33","https://media.propmix.io/mktlite/media/image?ListingId=PFX142215716&imageName=17","24"
"35","https://media.propmix.io/mktlite/media/image?ListingId=PFX142215716&imageName=19","24"
"36","https://media.propmix.io/mktlite/media/image?ListingId=PFX142215716&imageName=20","24"
"38","https://media.propmix.io/mktlite/media/image?ListingId=PFX142243643&imageName=2","24"
"46","https://media.propmix.io/mktlite/media/image?ListingId=PFX142243643&imageName=10","24"
"50","https://media.propmix.io/mktlite/media/image?ListingId=PFX142243643&imageName=14","24"
"51","https://media.propmix.io/mktlite/media/image?ListingId=PFX142243643&imageName=15","24"
"52","https://media.propmix.io/mktlite/media/image?ListingId=PFX142243643&imageName=16","24"
"53","https://media.propmix.io/mktlite/media/image?ListingId=PFX142243643&imageName=17","24"
"56","https://media.propmix.io/mktlite/media/image?ListingId=113598322&imageName=2","24"
"64","https://media.propmix.io/mktlite/media/image?ListingId=113598322&imageName=10","24"
"82","https://media.propmix.io/mktlite/media/image?ListingId=PFX142197140&imageName=18","24"
"89","https://media.propmix.io/mktlite/media/image?ListingId=PFX142190627&imageName=5","24"
"91","https://media.propmix.io/mktlite/media/image?ListingId=PFX142190627&imageName=7","24"
"92","https://media.propmix.io/mktlite/media/image?ListingId=PFX142190627&imageName=8","24"
"105","https://media.propmix.io/mktlite/media/image?ListingId=PFX116232218&imageName=11","24"
"106","https://media.propmix.io/mktlite/media/image?ListingId=PFX116232218&imageName=12","24"
"107","https://media.propmix.io/mktlite/media/image?ListingId=PFX116232218&imageName=13","24"
"124","https://media.propmix.io/mktlite/media/image?ListingId=PFX142149621&imageName=11","24"
"125","https://media.propmix.io/mktlite/media/image?ListingId=PFX142149621&imageName=12","24"
"126","https://media.propmix.io/mktlite/media/image?ListingId=PFX142149621&imageName=13","24"
"142","https://media.propmix.io/mktlite/media/image?ListingId=PFX153908256&imageName=12","24"
"143","https://media.propmix.io/mktlite/media/image?ListingId=PFX153908256&imageName=13","24"
"144","https://media.propmix.io/mktlite/media/image?ListingId=PFX153908256&imageName=14","24"
"145","https://media.propmix.io/mktlite/media/image?ListingId=PFX153908256&imageName=15","24"
"146","https://media.propmix.io/mktlite/media/image?ListingId=PFX153908256&imageName=16","24"
"163","https://media.propmix.io/mktlite/media/image?ListingId=PFX142254872&imageName=12","24"
"164","https://media.propmix.io/mktlite/media/image?ListingId=PFX142254872&imageName=13","24"
"165","https://media.propmix.io/mktlite/media/image?ListingId=PFX142254872&imageName=14","24"
"180","https://media.propmix.io/mktlite/media/image?ListingId=PFX131972490&imageName=6","24"
"181","https://media.propmix.io/mktlite/media/image?ListingId=PFX131972490&imageName=7","24"
"182","https://media.propmix.io/mktlite/media/image?ListingId=PFX131972490&imageName=8","24"
"183","https://media.propmix.io/mktlite/media/image?ListingId=PFX131972490&imageName=9","24"
"196","https://media.propmix.io/mktlite/media/image?ListingId=PFX142219682&imageName=6","24"
"197","https://media.propmix.io/mktlite/media/image?ListingId=PFX142219682&imageName=7","24"
"198","https://media.propmix.io/mktlite/media/image?ListingId=PFX142219682&imageName=8","24"
"199","https://media.propmix.io/mktlite/media/image?ListingId=PFX142219682&imageName=9","24"
"214","https://media.propmix.io/mktlite/media/image?ListingId=PFX142219811&imageName=8","24"
"215","https://media.propmix.io/mktlite/media/image?ListingId=PFX142219811&imageName=9","24"
"216","https://media.propmix.io/mktlite/media/image?ListingId=PFX142219811&imageName=10","24"
"217","https://media.propmix.io/mktlite/media/image?ListingId=PFX142219811&imageName=11","24"
"241","https://media.propmix.io/mktlite/media/image?ListingId=PFX153254791&imageName=20","24"
"242","https://media.propmix.io/mktlite/media/image?ListingId=PFX153254791&imageName=21","24"
"243","https://media.propmix.io/mktlite/media/image?ListingId=PFX153254791&imageName=22","24"
"244","https://media.propmix.io/mktlite/media/image?ListingId=PFX153254791&imageName=23","24"
"250","https://media.propmix.io/mktlite/media/image?ListingId=PFX153254791&imageName=29","24"
"254","https://media.propmix.io/mktlite/media/image?ListingId=PFX142245947&imageName=3","24"
"260","https://media.propmix.io/mktlite/media/image?ListingId=PFX142245947&imageName=9","24"
"264","https://media.propmix.io/mktlite/media/image?ListingId=PFX142245947&imageName=13","24"
"265","https://media.propmix.io/mktlite/media/image?ListingId=PFX142245947&imageName=14","24"
"266","https://media.propmix.io/mktlite/media/image?ListingId=PFX142245947&imageName=15","24"
"267","https://media.propmix.io/mktlite/media/image?ListingId=PFX142245947&imageName=16","24"
"280","https://media.propmix.io/mktlite/media/image?ListingId=PFX142151503&imageName=10","24"
"292","https://media.propmix.io/mktlite/media/image?ListingId=PFX117130149&imageName=10","24"
"303","https://media.propmix.io/mktlite/media/image?ListingId=PFX142193455&imageName=9","24"
"304","https://media.propmix.io/mktlite/media/image?ListingId=PFX142193455&imageName=10","24"
"305","https://media.propmix.io/mktlite/media/image?ListingId=PFX142193455&imageName=11","24"
"306","https://media.propmix.io/mktlite/media/image?ListingId=PFX142193455&imageName=12","24"
"308","https://media.propmix.io/mktlite/media/image?ListingId=PFX142193455&imageName=14","24"
"322","https://media.propmix.io/mktlite/media/image?ListingId=PFX124861816&imageName=9","24"
"323","https://media.propmix.io/mktlite/media/image?ListingId=PFX124861816&imageName=10","24"
"324","https://media.propmix.io/mktlite/media/image?ListingId=PFX124861816&imageName=11","24"
"325","https://media.propmix.io/mktlite/media/image?ListingId=PFX124861816&imageName=12","24"
"327","https://media.propmix.io/mktlite/media/image?ListingId=PFX124861816&imageName=14","24"
"344","https://media.propmix.io/mktlite/media/image?ListingId=PFX142307147&imageName=12","24"
"346","https://media.propmix.io/mktlite/media/image?ListingId=PFX142307147&imageName=14","24"
"357","https://media.propmix.io/mktlite/media/image?ListingId=PFX131664256&imageName=4","24"
"361","https://media.propmix.io/mktlite/media/image?ListingId=PFX131664256&imageName=8","24"
"362","https://media.propmix.io/mktlite/media/image?ListingId=PFX131664256&imageName=9","24"
"363","https://media.propmix.io/mktlite/media/image?ListingId=PFX131664256&imageName=10","24"
"367","https://media.propmix.io/mktlite/media/image?ListingId=PFX131664256&imageName=14","24"
"368","https://media.propmix.io/mktlite/media/image?ListingId=PFX131664256&imageName=15","24"
"377","https://media.propmix.io/mktlite/media/image?ListingId=PFX142237157&imageName=8","24"
"378","https://media.propmix.io/mktlite/media/image?ListingId=PFX142237157&imageName=9","24"
"379","https://media.propmix.io/mktlite/media/image?ListingId=PFX142237157&imageName=10","24"
"415","https://media.propmix.io/mktlite/media/image?ListingId=PFX142247725&imageName=13","24"
"416","https://media.propmix.io/mktlite/media/image?ListingId=PFX142247725&imageName=14","24"
"417","https://media.propmix.io/mktlite/media/image?ListingId=PFX142247725&imageName=15","24"
"418","https://media.propmix.io/mktlite/media/image?ListingId=PFX142247725&imageName=16","24"
"419","https://media.propmix.io/mktlite/media/image?ListingId=PFX142247725&imageName=17","24"
"432","https://media.propmix.io/mktlite/media/image?ListingId=PFX142245335&imageName=9","24"
"433","https://media.propmix.io/mktlite/media/image?ListingId=PFX142245335&imageName=10","24"
"438","https://media.propmix.io/mktlite/media/image?ListingId=PFX142245335&imageName=15","24"
"439","https://media.propmix.io/mktlite/media/image?ListingId=PFX142245335&imageName=16","24"
"461","https://media.propmix.io/mktlite/media/image?ListingId=98828866&imageName=10","24"
"471","https://media.propmix.io/mktlite/media/image?ListingId=PFX142254478&imageName=10","24"
"472","https://media.propmix.io/mktlite/media/image?ListingId=PFX142254478&imageName=11","24"
"473","https://media.propmix.io/mktlite/media/image?ListingId=PFX142254478&imageName=12","24"
"485","https://media.propmix.io/mktlite/media/image?ListingId=PFX142194607&imageName=5","24"
"487","https://media.propmix.io/mktlite/media/image?ListingId=PFX142194607&imageName=7","24"
"488","https://media.propmix.io/mktlite/media/image?ListingId=PFX142194607&imageName=8","24"
"493","https://media.propmix.io/mktlite/media/image?ListingId=PFX125242104&imageName=5","24"
"495","https://media.propmix.io/mktlite/media/image?ListingId=PFX125242104&imageName=7","24"
"496","https://media.propmix.io/mktlite/media/image?ListingId=PFX125242104&imageName=8","24"
"506","https://media.propmix.io/mktlite/media/image?ListingId=PFX142244589&imageName=10","24"
"507","https://media.propmix.io/mktlite/media/image?ListingId=PFX142244589&imageName=11","24"
"509","https://media.propmix.io/mktlite/media/image?ListingId=PFX142244589&imageName=13","24"
"510","https://media.propmix.io/mktlite/media/image?ListingId=PFX142244589&imageName=14","24"
"529","https://media.propmix.io/mktlite/media/image?ListingId=PFX142251712&imageName=9","24"
"531","https://media.propmix.io/mktlite/media/image?ListingId=PFX142251712&imageName=11","24"
"535","https://media.propmix.io/mktlite/media/image?ListingId=PFX142251712&imageName=15","24"
"547","https://media.propmix.io/mktlite/media/image?ListingId=PFX129372489&imageName=8","24"
"550","https://media.propmix.io/mktlite/media/image?ListingId=PFX129372489&imageName=11","24"
"570","https://media.propmix.io/mktlite/media/image?ListingId=PFX142220630&imageName=14","24"
"572","https://media.propmix.io/mktlite/media/image?ListingId=PFX142220630&imageName=16","24"
"575","https://media.propmix.io/mktlite/media/image?ListingId=PFX142220630&imageName=19","24"
"589","https://media.propmix.io/mktlite/media/image?ListingId=PFX142194647&imageName=8","24"
"602","https://media.propmix.io/mktlite/media/image?ListingId=PFX125251667&imageName=8","24"
"611","https://media.propmix.io/mktlite/media/image?ListingId=PFX142250068&imageName=4","24"
"618","https://media.propmix.io/mktlite/media/image?ListingId=PFX142250068&imageName=11","24"
"619","https://media.propmix.io/mktlite/media/image?ListingId=PFX142250068&imageName=12","24"
"620","https://media.propmix.io/mktlite/media/image?ListingId=PFX142250068&imageName=13","24"
"621","https://media.propmix.io/mktlite/media/image?ListingId=PFX142250068&imageName=14","24"
"622","https://media.propmix.io/mktlite/media/image?ListingId=PFX142250068&imageName=15","24"
"623","https://media.propmix.io/mktlite/media/image?ListingId=PFX142250068&imageName=16","24"
"635","https://media.propmix.io/mktlite/media/image?ListingId=PFX145966164&imageName=4","24"
"639","https://media.propmix.io/mktlite/media/image?ListingId=PFX145966164&imageName=8","24"
"642","https://media.propmix.io/mktlite/media/image?ListingId=PFX145966164&imageName=11","24"
"656","https://media.propmix.io/mktlite/media/image?ListingId=PFX126726285&imageName=10","24"
"657","https://media.propmix.io/mktlite/media/image?ListingId=PFX126726285&imageName=11","24"
"658","https://media.propmix.io/mktlite/media/image?ListingId=PFX126726285&imageName=12","24"
"659","https://media.propmix.io/mktlite/media/image?ListingId=PFX126726285&imageName=13","24"
"672","https://media.propmix.io/mktlite/media/image?ListingId=PFX122523490&imageName=10","24"
"673","https://media.propmix.io/mktlite/media/image?ListingId=PFX122523490&imageName=11","24"
"674","https://media.propmix.io/mktlite/media/image?ListingId=PFX122523490&imageName=12","24"
"675","https://media.propmix.io/mktlite/media/image?ListingId=PFX122523490&imageName=13","24"
"671","https://media.propmix.io/mktlite/media/image?ListingId=PFX122523490&imageName=9","24"
"692","https://media.propmix.io/mktlite/media/image?ListingId=PFX142190728&imageName=11","24"
"693","https://media.propmix.io/mktlite/media/image?ListingId=PFX142190728&imageName=12","24"
"694","https://media.propmix.io/mktlite/media/image?ListingId=PFX142190728&imageName=13","24"
"706","https://media.propmix.io/mktlite/media/image?ListingId=PFX142249168&imageName=6","24"
"709","https://media.propmix.io/mktlite/media/image?ListingId=PFX142249168&imageName=9","24"
"710","https://media.propmix.io/mktlite/media/image?ListingId=PFX142249168&imageName=10","24"
"732","https://media.propmix.io/mktlite/media/image?ListingId=PFX142249083&imageName=9","24"
"733","https://media.propmix.io/mktlite/media/image?ListingId=PFX142249083&imageName=10","24"
"734","https://media.propmix.io/mktlite/media/image?ListingId=PFX142249083&imageName=11","24"
"751","https://media.propmix.io/mktlite/media/image?ListingId=PFX142201389&imageName=9","24"
"752","https://media.propmix.io/mktlite/media/image?ListingId=PFX142201389&imageName=10","24"
"754","https://media.propmix.io/mktlite/media/image?ListingId=PFX142201389&imageName=12","24"
"753","https://media.propmix.io/mktlite/media/image?ListingId=PFX142201389&imageName=11","24"
"761","https://media.propmix.io/mktlite/media/image?ListingId=PFX142241981&imageName=4","24"
"762","https://media.propmix.io/mktlite/media/image?ListingId=PFX142241981&imageName=5","24"
"764","https://media.propmix.io/mktlite/media/image?ListingId=PFX142241981&imageName=7","24"
"765","https://media.propmix.io/mktlite/media/image?ListingId=PFX142241981&imageName=8","24"
"766","https://media.propmix.io/mktlite/media/image?ListingId=PFX142241981&imageName=9","24"
"772","https://media.propmix.io/mktlite/media/image?ListingId=PFX142241981&imageName=15","24"
"775","https://media.propmix.io/mktlite/media/image?ListingId=PFX142241981&imageName=18","24"
"778","https://media.propmix.io/mktlite/media/image?ListingId=PFX142241981&imageName=21","24"
"779","https://media.propmix.io/mktlite/media/image?ListingId=PFX142241981&imageName=22","24"
"784","https://media.propmix.io/mktlite/media/image?ListingId=PFX142241981&imageName=27","24"
"794","https://media.propmix.io/mktlite/media/image?ListingId=PFX142198419&imageName=8","24"
"795","https://media.propmix.io/mktlite/media/image?ListingId=PFX142198419&imageName=9","24"
"796","https://media.propmix.io/mktlite/media/image?ListingId=PFX142198419&imageName=10","24"
"806","https://media.propmix.io/mktlite/media/image?ListingId=PFX129906611&imageName=8","24"
"807","https://media.propmix.io/mktlite/media/image?ListingId=PFX129906611&imageName=9","24"
"808","https://media.propmix.io/mktlite/media/image?ListingId=PFX129906611&imageName=10","24"
"824","https://media.propmix.io/mktlite/media/image?ListingId=PFX142238901&imageName=14","24"
"826","https://media.propmix.io/mktlite/media/image?ListingId=PFX142238901&imageName=16","24"
"825","https://media.propmix.io/mktlite/media/image?ListingId=PFX142238901&imageName=15","24"
"827","https://media.propmix.io/mktlite/media/image?ListingId=PFX142238901&imageName=17","24"
"841","https://media.propmix.io/mktlite/media/image?ListingId=PFX148931525&imageName=12","24"
"842","https://media.propmix.io/mktlite/media/image?ListingId=PFX148931525&imageName=13","24"
"843","https://media.propmix.io/mktlite/media/image?ListingId=PFX148931525&imageName=14","24"
"844","https://media.propmix.io/mktlite/media/image?ListingId=PFX148931525&imageName=15","24"
"861","https://media.propmix.io/mktlite/media/image?ListingId=PFX123169867&imageName=12","24"
"862","https://media.propmix.io/mktlite/media/image?ListingId=PFX123169867&imageName=13","24"
"865","https://media.propmix.io/mktlite/media/image?ListingId=PFX123169867&imageName=16","24"
"869","https://media.propmix.io/mktlite/media/image?ListingId=PFX123169867&imageName=20","24"
"881","https://media.propmix.io/mktlite/media/image?ListingId=PFX142157726&imageName=12","24"
"882","https://media.propmix.io/mktlite/media/image?ListingId=PFX142157726&imageName=13","24"
"885","https://media.propmix.io/mktlite/media/image?ListingId=PFX142157726&imageName=16","24"
"889","https://media.propmix.io/mktlite/media/image?ListingId=PFX142157726&imageName=20","24"
"895","https://media.propmix.io/mktlite/media/image?ListingId=PFX142245638&imageName=6","24"
"896","https://media.propmix.io/mktlite/media/image?ListingId=PFX142245638&imageName=7","24"
"897","https://media.propmix.io/mktlite/media/image?ListingId=PFX142245638&imageName=8","24"
"911","https://media.propmix.io/mktlite/media/image?ListingId=PFX119271998&imageName=7","24"
"912","https://media.propmix.io/mktlite/media/image?ListingId=PFX119271998&imageName=8","24"
"913","https://media.propmix.io/mktlite/media/image?ListingId=PFX119271998&imageName=9","24"
"914","https://media.propmix.io/mktlite/media/image?ListingId=PFX119271998&imageName=10","24"
"918","https://media.propmix.io/mktlite/media/image?ListingId=PFX119271998&imageName=14","24"
"926","https://media.propmix.io/mktlite/media/image?ListingId=PFX142189646&imageName=7","24"
"927","https://media.propmix.io/mktlite/media/image?ListingId=PFX142189646&imageName=8","24"
"928","https://media.propmix.io/mktlite/media/image?ListingId=PFX142189646&imageName=9","24"
"929","https://media.propmix.io/mktlite/media/image?ListingId=PFX142189646&imageName=10","24"
"933","https://media.propmix.io/mktlite/media/image?ListingId=PFX142189646&imageName=14","24"
"945","https://media.propmix.io/mktlite/media/image?ListingId=PFX142159968&imageName=11","24"
"946","https://media.propmix.io/mktlite/media/image?ListingId=PFX142159968&imageName=12","24"
"947","https://media.propmix.io/mktlite/media/image?ListingId=PFX142159968&imageName=13","24"
"948","https://media.propmix.io/mktlite/media/image?ListingId=PFX142159968&imageName=14","24"
"965","https://media.propmix.io/mktlite/media/image?ListingId=PFX142162902&imageName=11","24"
"966","https://media.propmix.io/mktlite/media/image?ListingId=PFX142162902&imageName=12","24"
"968","https://media.propmix.io/mktlite/media/image?ListingId=PFX142162902&imageName=14","24"
"971","https://media.propmix.io/mktlite/media/image?ListingId=PFX142162902&imageName=17","24"
"972","https://media.propmix.io/mktlite/media/image?ListingId=PFX142162902&imageName=18","24"
"973","https://media.propmix.io/mktlite/media/image?ListingId=PFX142162902&imageName=19","24"
"978","https://media.propmix.io/mktlite/media/image?ListingId=PFX131776851&imageName=4","24"
"990","https://media.propmix.io/mktlite/media/image?ListingId=80809620&imageName=3","24"
"994","https://media.propmix.io/mktlite/media/image?ListingId=80809620&imageName=7","24"
"996","https://media.propmix.io/mktlite/media/image?ListingId=80809620&imageName=9","24"
"997","https://media.propmix.io/mktlite/media/image?ListingId=80809620&imageName=10","24"
"998","https://media.propmix.io/mktlite/media/image?ListingId=80809620&imageName=11","24"
"999","https://media.propmix.io/mktlite/media/image?ListingId=80809620&imageName=12","24"
"1010","https://media.propmix.io/mktlite/media/image?ListingId=PFX142152876&imageName=3","24"
"1012","https://media.propmix.io/mktlite/media/image?ListingId=PFX142152876&imageName=5","24"
"1017","https://media.propmix.io/mktlite/media/image?ListingId=PFX142152876&imageName=10","24"
"1019","https://media.propmix.io/mktlite/media/image?ListingId=PFX142152876&imageName=12","24"
"1020","https://media.propmix.io/mktlite/media/image?ListingId=PFX142152876&imageName=13","24"
"1021","https://media.propmix.io/mktlite/media/image?ListingId=PFX142152876&imageName=14","24"
"1022","https://media.propmix.io/mktlite/media/image?ListingId=PFX142152876&imageName=15","24"
"1023","https://media.propmix.io/mktlite/media/image?ListingId=PFX142152876&imageName=16","24"
"1029","https://media.propmix.io/mktlite/media/image?ListingId=PFX119192128&imageName=3","24"
"1031","https://media.propmix.io/mktlite/media/image?ListingId=PFX119192128&imageName=5","24"
"1036","https://media.propmix.io/mktlite/media/image?ListingId=PFX119192128&imageName=10","24"
"1038","https://media.propmix.io/mktlite/media/image?ListingId=PFX119192128&imageName=12","24"
"1039","https://media.propmix.io/mktlite/media/image?ListingId=PFX119192128&imageName=13","24"
"1040","https://media.propmix.io/mktlite/media/image?ListingId=PFX119192128&imageName=14","24"
"1041","https://media.propmix.io/mktlite/media/image?ListingId=PFX119192128&imageName=15","24"
"1042","https://media.propmix.io/mktlite/media/image?ListingId=PFX119192128&imageName=16","24"
"1049","https://media.propmix.io/mktlite/media/image?ListingId=PFX125218262&imageName=4","24"
"1050","https://media.propmix.io/mktlite/media/image?ListingId=PFX125218262&imageName=5","24"
"1052","https://media.propmix.io/mktlite/media/image?ListingId=PFX125218262&imageName=7","24"
"1064","https://media.propmix.io/mktlite/media/image?ListingId=PFX142157830&imageName=6","24"
"1065","https://media.propmix.io/mktlite/media/image?ListingId=PFX142157830&imageName=7","24"
"1066","https://media.propmix.io/mktlite/media/image?ListingId=PFX142157830&imageName=8","24"
"1067","https://media.propmix.io/mktlite/media/image?ListingId=PFX142157830&imageName=9","24"
"1077","https://media.propmix.io/mktlite/media/image?ListingId=PFX123200806&imageName=6","24"
"1078","https://media.propmix.io/mktlite/media/image?ListingId=PFX123200806&imageName=7","24"
"1079","https://media.propmix.io/mktlite/media/image?ListingId=PFX123200806&imageName=8","24"
"1080","https://media.propmix.io/mktlite/media/image?ListingId=PFX123200806&imageName=9","24"
"1087","https://media.propmix.io/mktlite/media/image?ListingId=PFX145052618&imageName=3","24"
"1092","https://media.propmix.io/mktlite/media/image?ListingId=PFX145052618&imageName=8","24"
"1093","https://media.propmix.io/mktlite/media/image?ListingId=PFX145052618&imageName=9","24"
"1096","https://media.propmix.io/mktlite/media/image?ListingId=PFX145052618&imageName=12","24"
"1097","https://media.propmix.io/mktlite/media/image?ListingId=PFX145052618&imageName=13","24"
"1117","https://media.propmix.io/mktlite/media/image?ListingId=PFX142195037&imageName=4","24"
"1118","https://media.propmix.io/mktlite/media/image?ListingId=PFX142195037&imageName=5","24"
"1119","https://media.propmix.io/mktlite/media/image?ListingId=PFX142195037&imageName=6","24"
"1134","https://media.propmix.io/mktlite/media/image?ListingId=PFX131406823&imageName=14","24"
"1135","https://media.propmix.io/mktlite/media/image?ListingId=PFX131406823&imageName=15","24"
"1136","https://media.propmix.io/mktlite/media/image?ListingId=PFX131406823&imageName=16","24"
"1153","https://media.propmix.io/mktlite/media/image?ListingId=PFX142218440&imageName=14","24"
"1154","https://media.propmix.io/mktlite/media/image?ListingId=PFX142218440&imageName=15","24"
"1155","https://media.propmix.io/mktlite/media/image?ListingId=PFX142218440&imageName=16","24"
"1168","https://media.propmix.io/mktlite/media/image?ListingId=PFX123733788&imageName=10","24"
"1169","https://media.propmix.io/mktlite/media/image?ListingId=PFX123733788&imageName=11","24"
"1184","https://media.propmix.io/mktlite/media/image?ListingId=PFX142159535&imageName=10","24"
"1185","https://media.propmix.io/mktlite/media/image?ListingId=PFX142159535&imageName=11","24"
"1202","https://media.propmix.io/mktlite/media/image?ListingId=PFX130400406&imageName=12","24"
"1203","https://media.propmix.io/mktlite/media/image?ListingId=PFX130400406&imageName=13","24"
"1231","https://media.propmix.io/mktlite/media/image?ListingId=PFX153383577&imageName=25","24"
"1232","https://media.propmix.io/mktlite/media/image?ListingId=PFX153383577&imageName=26","24"
"1234","https://media.propmix.io/mktlite/media/image?ListingId=PFX153383577&imageName=28","24"
"1246","https://media.propmix.io/mktlite/media/image?ListingId=PFX142159481&imageName=6","24"
"1247","https://media.propmix.io/mktlite/media/image?ListingId=PFX142159481&imageName=7","24"
"1248","https://media.propmix.io/mktlite/media/image?ListingId=PFX142159481&imageName=8","24"
"1250","https://media.propmix.io/mktlite/media/image?ListingId=PFX142159481&imageName=10","24"
"1251","https://media.propmix.io/mktlite/media/image?ListingId=PFX142159481&imageName=11","24"
"1252","https://media.propmix.io/mktlite/media/image?ListingId=PFX142159481&imageName=12","24"
"1253","https://media.propmix.io/mktlite/media/image?ListingId=PFX142159481&imageName=13","24"
"1254","https://media.propmix.io/mktlite/media/image?ListingId=PFX142159481&imageName=14","24"
"1255","https://media.propmix.io/mktlite/media/image?ListingId=PFX142159481&imageName=15","24"
"1274","https://media.propmix.io/mktlite/media/image?ListingId=PFX153271776&imageName=14","24"
"1275","https://media.propmix.io/mktlite/media/image?ListingId=PFX153271776&imageName=15","24"
"1276","https://media.propmix.io/mktlite/media/image?ListingId=PFX153271776&imageName=16","24"
"1280","https://media.propmix.io/mktlite/media/image?ListingId=PFX153271776&imageName=20","24"
"1281","https://media.propmix.io/mktlite/media/image?ListingId=PFX153271776&imageName=21","24"
"1283","https://media.propmix.io/mktlite/media/image?ListingId=PFX153271776&imageName=23","24"
"1291","https://media.propmix.io/mktlite/media/image?ListingId=PFX142163763&imageName=5","24"
"1293","https://media.propmix.io/mktlite/media/image?ListingId=PFX142163763&imageName=7","24"
"1300","https://media.propmix.io/mktlite/media/image?ListingId=PFX142163763&imageName=14","24"
"1301","https://media.propmix.io/mktlite/media/image?ListingId=PFX142163763&imageName=15","24"
"1305","https://media.propmix.io/mktlite/media/image?ListingId=PFX142162416&imageName=3","24"
"1306","https://media.propmix.io/mktlite/media/image?ListingId=PFX142162416&imageName=4","24"
"1307","https://media.propmix.io/mktlite/media/image?ListingId=PFX142162416&imageName=5","24"
"1311","https://media.propmix.io/mktlite/media/image?ListingId=PFX142162416&imageName=9","24"
"1312","https://media.propmix.io/mktlite/media/image?ListingId=PFX142162416&imageName=10","24"
"1315","https://media.propmix.io/mktlite/media/image?ListingId=PFX142162416&imageName=13","24"
"1317","https://media.propmix.io/mktlite/media/image?ListingId=PFX142162416&imageName=15","24"
"1327","https://media.propmix.io/mktlite/media/image?ListingId=PFX142199367&imageName=7","24"
"1328","https://media.propmix.io/mktlite/media/image?ListingId=PFX142199367&imageName=8","24"
"1330","https://media.propmix.io/mktlite/media/image?ListingId=PFX142199367&imageName=10","24"
"1333","https://media.propmix.io/mktlite/media/image?ListingId=PFX142199367&imageName=13","24"
"1342","https://media.propmix.io/mktlite/media/image?ListingId=PFX142162750&imageName=7","24"
"1343","https://media.propmix.io/mktlite/media/image?ListingId=PFX142162750&imageName=8","24"
"1344","https://media.propmix.io/mktlite/media/image?ListingId=PFX142162750&imageName=9","24"
"1345","https://media.propmix.io/mktlite/media/image?ListingId=PFX142162750&imageName=10","24"
"1346","https://media.propmix.io/mktlite/media/image?ListingId=PFX142162750&imageName=11","24"
"1363","https://media.propmix.io/mktlite/media/image?ListingId=PFX142220528&imageName=10","24"
"1385","https://media.propmix.io/mktlite/media/image?ListingId=PFX142483168&imageName=17","24"
"1386","https://media.propmix.io/mktlite/media/image?ListingId=PFX142483168&imageName=18","24"
"1387","https://media.propmix.io/mktlite/media/image?ListingId=PFX142483168&imageName=19","24"
"1388","https://media.propmix.io/mktlite/media/image?ListingId=PFX142483168&imageName=20","24"
"1391","https://media.propmix.io/mktlite/media/image?ListingId=PFX142483168&imageName=23","24"
"1394","https://media.propmix.io/mktlite/media/image?ListingId=PFX142483168&imageName=26","24"
"1395","https://media.propmix.io/mktlite/media/image?ListingId=PFX142483168&imageName=27","24"
"1396","https://media.propmix.io/mktlite/media/image?ListingId=PFX142483168&imageName=28","24"
"1415","https://media.propmix.io/mktlite/media/image?ListingId=PFX142214745&imageName=15","24"
"1416","https://media.propmix.io/mktlite/media/image?ListingId=PFX142214745&imageName=16","24"
"1417","https://media.propmix.io/mktlite/media/image?ListingId=PFX142214745&imageName=17","24"
"1422","https://media.propmix.io/mktlite/media/image?ListingId=PFX142218499&imageName=4","24"
"1425","https://media.propmix.io/mktlite/media/image?ListingId=PFX142218499&imageName=7","24"
"1426","https://media.propmix.io/mktlite/media/image?ListingId=PFX142218499&imageName=8","24"
"1427","https://media.propmix.io/mktlite/media/image?ListingId=PFX142218499&imageName=9","24"
"1429","https://media.propmix.io/mktlite/media/image?ListingId=PFX142218499&imageName=11","24"
"1430","https://media.propmix.io/mktlite/media/image?ListingId=PFX142218499&imageName=12","24"
"1450","https://media.propmix.io/mktlite/media/image?ListingId=PFX142220658&imageName=12","24"
"1451","https://media.propmix.io/mktlite/media/image?ListingId=PFX142220658&imageName=13","24"
"1452","https://media.propmix.io/mktlite/media/image?ListingId=PFX142220658&imageName=14","24"
"1455","https://media.propmix.io/mktlite/media/image?ListingId=PFX142220658&imageName=17","24"
"1463","https://media.propmix.io/mktlite/media/image?ListingId=PFX142220658&imageName=25","24"
"1478","https://media.propmix.io/mktlite/media/image?ListingId=PFX142240446&imageName=11","24"
"1479","https://media.propmix.io/mktlite/media/image?ListingId=PFX142240446&imageName=12","24"
"1496","https://media.propmix.io/mktlite/media/image?ListingId=PFX131971166&imageName=10","24"
"1497","https://media.propmix.io/mktlite/media/image?ListingId=PFX131971166&imageName=11","24"
"1498","https://media.propmix.io/mktlite/media/image?ListingId=PFX131971166&imageName=12","24"
"1516","https://media.propmix.io/mktlite/media/image?ListingId=PFX142191234&imageName=11","24"
"1517","https://media.propmix.io/mktlite/media/image?ListingId=PFX142191234&imageName=12","24"
"1518","https://media.propmix.io/mktlite/media/image?ListingId=PFX142191234&imageName=13","24"
"1520","https://media.propmix.io/mktlite/media/image?ListingId=PFX142191234&imageName=15","24"
"1519","https://media.propmix.io/mktlite/media/image?ListingId=PFX142191234&imageName=14","24"
"1524","https://media.propmix.io/mktlite/media/image?ListingId=PFX142191234&imageName=19","24"
"1529","https://media.propmix.io/mktlite/media/image?ListingId=PFX127522341&imageName=4","24"
"1531","https://media.propmix.io/mktlite/media/image?ListingId=PFX127522341&imageName=6","24"
"1530","https://media.propmix.io/mktlite/media/image?ListingId=PFX127522341&imageName=5","24"
"1548","https://media.propmix.io/mktlite/media/image?ListingId=PFX142163309&imageName=4","24"
"1549","https://media.propmix.io/mktlite/media/image?ListingId=PFX142163309&imageName=5","24"
"1550","https://media.propmix.io/mktlite/media/image?ListingId=PFX142163309&imageName=6","24"
"1596","https://media.propmix.io/mktlite/media/image?ListingId=PFX127454863&imageName=6","24"
"1595","https://media.propmix.io/mktlite/media/image?ListingId=PFX127454863&imageName=5","24"
"1597","https://media.propmix.io/mktlite/media/image?ListingId=PFX127454863&imageName=7","24"
"1611","https://media.propmix.io/mktlite/media/image?ListingId=PFX142159884&imageName=8","24"
"1615","https://media.propmix.io/mktlite/media/image?ListingId=PFX142159884&imageName=12","24"
"1622","https://media.propmix.io/mktlite/media/image?ListingId=PFX153991031&imageName=5","24"
"1625","https://media.propmix.io/mktlite/media/image?ListingId=PFX153991031&imageName=8","24"
"1647","https://media.propmix.io/mktlite/media/image?ListingId=PFX142236502&imageName=16","24"
"1648","https://media.propmix.io/mktlite/media/image?ListingId=PFX142236502&imageName=17","24"
"1667","https://media.propmix.io/mktlite/media/image?ListingId=PFX130359090&imageName=16","24"
"1668","https://media.propmix.io/mktlite/media/image?ListingId=PFX130359090&imageName=17","24"
"1685","https://media.propmix.io/mktlite/media/image?ListingId=PFX131630946&imageName=14","24"
"1686","https://media.propmix.io/mktlite/media/image?ListingId=PFX131630946&imageName=15","24"
"1687","https://media.propmix.io/mktlite/media/image?ListingId=PFX131630946&imageName=16","24"
"1688","https://media.propmix.io/mktlite/media/image?ListingId=PFX131630946&imageName=17","24"
"1694","https://media.propmix.io/mktlite/media/image?ListingId=118978340&imageName=4","24"
"1705","https://media.propmix.io/mktlite/media/image?ListingId=PFX131846480&imageName=5","24"
"1707","https://media.propmix.io/mktlite/media/image?ListingId=PFX131846480&imageName=7","24"
"1717","https://media.propmix.io/mktlite/media/image?ListingId=121822251&imageName=3","24"
"1722","https://media.propmix.io/mktlite/media/image?ListingId=121822251&imageName=8","24"
"1724","https://media.propmix.io/mktlite/media/image?ListingId=121822251&imageName=10","24"
"1731","https://media.propmix.io/mktlite/media/image?ListingId=PFX153323611&imageName=7","24"
"1732","https://media.propmix.io/mktlite/media/image?ListingId=PFX153323611&imageName=8","24"
"1734","https://media.propmix.io/mktlite/media/image?ListingId=PFX153323611&imageName=10","24"
"1739","https://media.propmix.io/mktlite/media/image?ListingId=PFX142273472&imageName=1","24"
"1740","https://media.propmix.io/mktlite/media/image?ListingId=PFX142273472&imageName=2","24"
"1753","https://media.propmix.io/mktlite/media/image?ListingId=PFX142273472&imageName=15","24"
"1754","https://media.propmix.io/mktlite/media/image?ListingId=PFX142273472&imageName=16","24"
"1755","https://media.propmix.io/mktlite/media/image?ListingId=PFX142273472&imageName=17","24"
"1768","https://media.propmix.io/mktlite/media/image?ListingId=PFX142273472&imageName=30","24"
"1773","https://media.propmix.io/mktlite/media/image?ListingId=PFX131848835&imageName=5","24"
"1775","https://media.propmix.io/mktlite/media/image?ListingId=PFX131848835&imageName=7","24"
"1784","https://media.propmix.io/mktlite/media/image?ListingId=PFX142262506&imageName=4","24"
"1786","https://media.propmix.io/mktlite/media/image?ListingId=PFX142262506&imageName=6","24"
"1795","https://media.propmix.io/mktlite/media/image?ListingId=PFX131417859&imageName=2","24"
"1797","https://media.propmix.io/mktlite/media/image?ListingId=PFX131417859&imageName=4","24"
"1796","https://media.propmix.io/mktlite/media/image?ListingId=PFX131417859&imageName=3","24"
"1805","https://media.propmix.io/mktlite/media/image?ListingId=88432440&imageName=4","24"
"1807","https://media.propmix.io/mktlite/media/image?ListingId=88432440&imageName=6","24"
"1813","https://media.propmix.io/mktlite/media/image?ListingId=88432440&imageName=12","24"
"1815","https://media.propmix.io/mktlite/media/image?ListingId=88432440&imageName=14","24"
"1822","https://media.propmix.io/mktlite/media/image?ListingId=PFX129754137&imageName=4","24"
"1829","https://media.propmix.io/mktlite/media/image?ListingId=PFX142259072&imageName=3","24"
"1834","https://media.propmix.io/mktlite/media/image?ListingId=PFX129752330&imageName=1","24"
"1837","https://media.propmix.io/mktlite/media/image?ListingId=PFX129752330&imageName=4","24"
"1843","https://media.propmix.io/mktlite/media/image?ListingId=PFX142202744&imageName=4","24"
"1845","https://media.propmix.io/mktlite/media/image?ListingId=PFX142202744&imageName=6","24"
"1851","https://media.propmix.io/mktlite/media/image?ListingId=PFX142202744&imageName=12","24"
"1853","https://media.propmix.io/mktlite/media/image?ListingId=PFX142202744&imageName=14","24"
"1860","https://media.propmix.io/mktlite/media/image?ListingId=PFX142271183&imageName=5","24"
"1876","https://media.propmix.io/mktlite/media/image?ListingId=PFX149038934&imageName=4","24"
"1899","https://media.propmix.io/mktlite/media/image?ListingId=PFX129226775&imageName=2","24"
"1912","https://media.propmix.io/mktlite/media/image?ListingId=PFX116346661&imageName=6","24"
"1913","https://media.propmix.io/mktlite/media/image?ListingId=PFX116346661&imageName=7","24"
"1915","https://media.propmix.io/mktlite/media/image?ListingId=PFX116346661&imageName=9","24"
"1925","https://media.propmix.io/mktlite/media/image?ListingId=PFX142271201&imageName=5","24"
"1935","https://media.propmix.io/mktlite/media/image?ListingId=118616982&imageName=2","24"
"1943","https://media.propmix.io/mktlite/media/image?ListingId=PFX142271235&imageName=2","24"
"1956","https://media.propmix.io/mktlite/media/image?ListingId=PFX149270786&imageName=4","24"
"1965","https://media.propmix.io/mktlite/media/image?ListingId=119776459&imageName=4","24"
"1967","https://media.propmix.io/mktlite/media/image?ListingId=119776459&imageName=6","24"
"1976","https://media.propmix.io/mktlite/media/image?ListingId=PFX149587558&imageName=4","24"
"1990","https://media.propmix.io/mktlite/media/image?ListingId=119926423&imageName=4","24"
"1999","https://media.propmix.io/mktlite/media/image?ListingId=PFX142272423&imageName=4","24"
"2024","https://media.propmix.io/mktlite/media/image?ListingId=PFX153219368&imageName=6","24"
"2026","https://media.propmix.io/mktlite/media/image?ListingId=PFX153219368&imageName=8","24"
"2032","https://media.propmix.io/mktlite/media/image?ListingId=PFX145742532&imageName=3","24"
"2033","https://media.propmix.io/mktlite/media/image?ListingId=PFX145742532&imageName=4","24"
"2057","https://media.propmix.io/mktlite/media/image?ListingId=PFX125900786&imageName=4","24"
"2070","https://media.propmix.io/mktlite/media/image?ListingId=PFX142271589&imageName=4","24"
"2072","https://media.propmix.io/mktlite/media/image?ListingId=PFX142271589&imageName=6","24"
"2092","https://media.propmix.io/mktlite/media/image?ListingId=PFX153284408&imageName=3","24"
"2094","https://media.propmix.io/mktlite/media/image?ListingId=PFX153284408&imageName=5","24"
"2098","https://media.propmix.io/mktlite/media/image?ListingId=78414435&imageName=1","24"
"2101","https://media.propmix.io/mktlite/media/image?ListingId=78414435&imageName=4","24"
"2104","https://media.propmix.io/mktlite/media/image?ListingId=78414435&imageName=7","24"
"2115","https://media.propmix.io/mktlite/media/image?ListingId=PFX130360859&imageName=7","24"
"2127","https://media.propmix.io/mktlite/media/image?ListingId=PFX130360862&imageName=6","24"
"2140","https://media.propmix.io/mktlite/media/image?ListingId=PFX130360866&imageName=7","24"
"2153","https://media.propmix.io/mktlite/media/image?ListingId=PFX130360867&imageName=7","24"
"2167","https://media.propmix.io/mktlite/media/image?ListingId=PFX130360869&imageName=7","24"
"2181","https://media.propmix.io/mktlite/media/image?ListingId=PFX130369045&imageName=7","24"
"2195","https://media.propmix.io/mktlite/media/image?ListingId=PFX130369046&imageName=7","24"
"2209","https://media.propmix.io/mktlite/media/image?ListingId=PFX130369047&imageName=7","24"
"2223","https://media.propmix.io/mktlite/media/image?ListingId=PFX130369048&imageName=7","24"
"2237","https://media.propmix.io/mktlite/media/image?ListingId=PFX130369049&imageName=7","24"
"2250","https://media.propmix.io/mktlite/media/image?ListingId=PFX130369050&imageName=6","24"
"2264","https://media.propmix.io/mktlite/media/image?ListingId=PFX130369051&imageName=7","24"
"2286","https://media.propmix.io/mktlite/media/image?ListingId=PFX153284410&imageName=2","24"
"2294","https://media.propmix.io/mktlite/media/image?ListingId=PFX116862337&imageName=4","24"
"2308","https://media.propmix.io/mktlite/media/image?ListingId=PFX116862337&imageName=18","24"
"2320","https://media.propmix.io/mktlite/media/image?ListingId=PFX142271181&imageName=1","24"
"2322","https://media.propmix.io/mktlite/media/image?ListingId=PFX142271181&imageName=3","24"
"2325","https://media.propmix.io/mktlite/media/image?ListingId=PFX142271181&imageName=6","24"
"2326","https://media.propmix.io/mktlite/media/image?ListingId=PFX142271181&imageName=7","24"
"2327","https://media.propmix.io/mktlite/media/image?ListingId=PFX142271181&imageName=8","24"
"2328","https://media.propmix.io/mktlite/media/image?ListingId=PFX142271181&imageName=9","24"
"2336","https://media.propmix.io/mktlite/media/image?ListingId=PFX142271181&imageName=17","24"
"2338","https://media.propmix.io/mktlite/media/image?ListingId=PFX142271181&imageName=19","24"
"2341","https://media.propmix.io/mktlite/media/image?ListingId=PFX142271181&imageName=22","24"
"2342","https://media.propmix.io/mktlite/media/image?ListingId=PFX142271181&imageName=23","24"
"2343","https://media.propmix.io/mktlite/media/image?ListingId=PFX142271181&imageName=24","24"
"2344","https://media.propmix.io/mktlite/media/image?ListingId=PFX142271181&imageName=25","24"
"2353","https://media.propmix.io/mktlite/media/image?ListingId=PFX142308174&imageName=2","24"
"2360","https://media.propmix.io/mktlite/media/image?ListingId=PFX116821738&imageName=3","24"
"2364","https://media.propmix.io/mktlite/media/image?ListingId=PFX148412734&imageName=1","24"
"2378","https://media.propmix.io/mktlite/media/image?ListingId=PFX142270954&imageName=1","24"
"2379","https://media.propmix.io/mktlite/media/image?ListingId=PFX142270954&imageName=2","24"
"2391","https://media.propmix.io/mktlite/media/image?ListingId=63231761&imageName=6","24"
"2392","https://media.propmix.io/mktlite/media/image?ListingId=63231761&imageName=7","24"
"2405","https://media.propmix.io/mktlite/media/image?ListingId=PFX151558075&imageName=4","24"
"2422","https://media.propmix.io/mktlite/media/image?ListingId=PFX142307978&imageName=3","24"
"2446","https://media.propmix.io/mktlite/media/image?ListingId=119007363&imageName=1","24"
"2462","https://media.propmix.io/mktlite/media/image?ListingId=PFX142205327&imageName=3","24"
"2476","https://media.propmix.io/mktlite/media/image?ListingId=PFX142205327&imageName=17","24"
"2490","https://media.propmix.io/mktlite/media/image?ListingId=PFX142271074&imageName=3","24"
"2491","https://media.propmix.io/mktlite/media/image?ListingId=PFX142271074&imageName=4","24"
"2434","https://media.propmix.io/mktlite/media/image?ListingId=PFX147127456&imageName=2","24"
"2530","https://media.propmix.io/mktlite/media/image?ListingId=PFX142202409&imageName=4","24"
"2539","https://media.propmix.io/mktlite/media/image?ListingId=PFX142270828&imageName=3","24"
"2540","https://media.propmix.io/mktlite/media/image?ListingId=PFX142270828&imageName=4","24"
"2545","https://media.propmix.io/mktlite/media/image?ListingId=119710454&imageName=1","24"
"2549","https://media.propmix.io/mktlite/media/image?ListingId=119710454&imageName=5","24"
"2560","https://media.propmix.io/mktlite/media/image?ListingId=PFX130483088&imageName=6","24"
"2563","https://media.propmix.io/mktlite/media/image?ListingId=PFX130483088&imageName=9","24"
"2564","https://media.propmix.io/mktlite/media/image?ListingId=PFX130483088&imageName=10","24"
"2586","https://media.propmix.io/mktlite/media/image?ListingId=120453724&imageName=4","24"
"2594","https://media.propmix.io/mktlite/media/image?ListingId=104620032&imageName=3","24"
"2611","https://media.propmix.io/mktlite/media/image?ListingId=PFX142261749&imageName=3","24"
"2624","https://media.propmix.io/mktlite/media/image?ListingId=117843587&imageName=5","24"
"2628","https://media.propmix.io/mktlite/media/image?ListingId=PFX131643578&imageName=3","24"
"2629","https://media.propmix.io/mktlite/media/image?ListingId=PFX131643578&imageName=4","24"
"2638","https://media.propmix.io/mktlite/media/image?ListingId=PFX131647073&imageName=3","24"
"2639","https://media.propmix.io/mktlite/media/image?ListingId=PFX131647073&imageName=4","24"
"2649","https://media.propmix.io/mktlite/media/image?ListingId=119560997&imageName=2","24"
"2652","https://media.propmix.io/mktlite/media/image?ListingId=119560997&imageName=5","24"
"2669","https://media.propmix.io/mktlite/media/image?ListingId=118094095&imageName=16","24"
"2670","https://media.propmix.io/mktlite/media/image?ListingId=118094095&imageName=17","24"
"2671","https://media.propmix.io/mktlite/media/image?ListingId=118094095&imageName=18","24"
"2680","https://media.propmix.io/mktlite/media/image?ListingId=PFX142262508&imageName=5","24"
"2691","https://media.propmix.io/mktlite/media/image?ListingId=PFX142262508&imageName=16","24"
"2713","https://media.propmix.io/mktlite/media/image?ListingId=PFX119232379&imageName=16","24"
"2714","https://media.propmix.io/mktlite/media/image?ListingId=PFX119232379&imageName=17","24"
"2715","https://media.propmix.io/mktlite/media/image?ListingId=PFX119232379&imageName=18","24"
"2725","https://media.propmix.io/mktlite/media/image?ListingId=PFX125900622&imageName=4","24"
"2727","https://media.propmix.io/mktlite/media/image?ListingId=PFX125900622&imageName=6","24"
"2734","https://media.propmix.io/mktlite/media/image?ListingId=PFX145212244&imageName=2","24"
"2746","https://media.propmix.io/mktlite/media/image?ListingId=PFX153583836&imageName=6","24"
"2760","https://media.propmix.io/mktlite/media/image?ListingId=PFX125900218&imageName=9","24"
"2762","https://media.propmix.io/mktlite/media/image?ListingId=PFX125900218&imageName=11","24"
"2764","https://media.propmix.io/mktlite/media/image?ListingId=PFX125900218&imageName=13","24"
"2766","https://media.propmix.io/mktlite/media/image?ListingId=PFX125900218&imageName=15","24"
"2767","https://media.propmix.io/mktlite/media/image?ListingId=PFX125900218&imageName=16","24"
"2782","https://media.propmix.io/mktlite/media/image?ListingId=PFX130533063&imageName=3","24"
"2790","https://media.propmix.io/mktlite/media/image?ListingId=PFX129883752&imageName=5","24"
"2793","https://media.propmix.io/mktlite/media/image?ListingId=PFX129883752&imageName=8","24"
"2795","https://media.propmix.io/mktlite/media/image?ListingId=PFX131561916&imageName=1","24"
"2796","https://media.propmix.io/mktlite/media/image?ListingId=PFX131561916&imageName=2","24"
"2799","https://media.propmix.io/mktlite/media/image?ListingId=PFX131561916&imageName=5","24"
"2813","https://media.propmix.io/mktlite/media/image?ListingId=PFX142458037&imageName=4","24"
"2844","https://media.propmix.io/mktlite/media/image?ListingId=PFX130334327&imageName=13","24"
"2851","https://media.propmix.io/mktlite/media/image?ListingId=PFX130334327&imageName=20","24"
"2857","https://media.propmix.io/mktlite/media/image?ListingId=PFX145212245&imageName=1","24"
"2866","https://media.propmix.io/mktlite/media/image?ListingId=PFX142261227&imageName=2","24"
"2872","https://media.propmix.io/mktlite/media/image?ListingId=PFX142261227&imageName=8","24"
"2873","https://media.propmix.io/mktlite/media/image?ListingId=PFX142261227&imageName=9","24"
"2883","https://media.propmix.io/mktlite/media/image?ListingId=PFX131230914&imageName=5","24"
"2886","https://media.propmix.io/mktlite/media/image?ListingId=PFX131230914&imageName=8","24"
"2887","https://media.propmix.io/mktlite/media/image?ListingId=PFX131230914&imageName=9","24"
