"1","https://media.propmix.io/mktlite/media/image?ListingId=PFX142236592&imageName=1","1"
"2","https://media.propmix.io/mktlite/media/image?ListingId=PFX142236592&imageName=2","1"
"3","https://media.propmix.io/mktlite/media/image?ListingId=PFX142236592&imageName=3","1"
"16","https://media.propmix.io/mktlite/media/image?ListingId=PFX142236592&imageName=16","1"
"17","https://media.propmix.io/mktlite/media/image?ListingId=PFX142215716&imageName=1","1"
"18","https://media.propmix.io/mktlite/media/image?ListingId=PFX142215716&imageName=2","1"
"20","https://media.propmix.io/mktlite/media/image?ListingId=PFX142215716&imageName=4","1"
"21","https://media.propmix.io/mktlite/media/image?ListingId=PFX142215716&imageName=5","1"
"37","https://media.propmix.io/mktlite/media/image?ListingId=PFX142243643&imageName=1","1"
"54","https://media.propmix.io/mktlite/media/image?ListingId=PFX142243643&imageName=18","1"
"55","https://media.propmix.io/mktlite/media/image?ListingId=113598322&imageName=1","1"
"65","https://media.propmix.io/mktlite/media/image?ListingId=PFX142197140&imageName=1","1"
"66","https://media.propmix.io/mktlite/media/image?ListingId=PFX142197140&imageName=2","1"
"67","https://media.propmix.io/mktlite/media/image?ListingId=PFX142197140&imageName=3","1"
"68","https://media.propmix.io/mktlite/media/image?ListingId=PFX142197140&imageName=4","1"
"85","https://media.propmix.io/mktlite/media/image?ListingId=PFX142190627&imageName=1","1"
"87","https://media.propmix.io/mktlite/media/image?ListingId=PFX142190627&imageName=3","1"
"95","https://media.propmix.io/mktlite/media/image?ListingId=PFX116232218&imageName=1","1"
"96","https://media.propmix.io/mktlite/media/image?ListingId=PFX116232218&imageName=2","1"
"110","https://media.propmix.io/mktlite/media/image?ListingId=PFX116232218&imageName=16","1"
"114","https://media.propmix.io/mktlite/media/image?ListingId=PFX142149621&imageName=1","1"
"115","https://media.propmix.io/mktlite/media/image?ListingId=PFX142149621&imageName=2","1"
"129","https://media.propmix.io/mktlite/media/image?ListingId=PFX142149621&imageName=16","1"
"131","https://media.propmix.io/mktlite/media/image?ListingId=PFX153908256&imageName=1","1"
"135","https://media.propmix.io/mktlite/media/image?ListingId=PFX153908256&imageName=5","1"
"148","https://media.propmix.io/mktlite/media/image?ListingId=PFX153908256&imageName=18","1"
"149","https://media.propmix.io/mktlite/media/image?ListingId=PFX153908256&imageName=19","1"
"150","https://media.propmix.io/mktlite/media/image?ListingId=PFX153908256&imageName=20","1"
"168","https://media.propmix.io/mktlite/media/image?ListingId=PFX142254872&imageName=17","1"
"169","https://media.propmix.io/mktlite/media/image?ListingId=PFX142254872&imageName=18","1"
"170","https://media.propmix.io/mktlite/media/image?ListingId=PFX142254872&imageName=19","1"
"171","https://media.propmix.io/mktlite/media/image?ListingId=PFX142254872&imageName=20","1"
"172","https://media.propmix.io/mktlite/media/image?ListingId=PFX142254872&imageName=21","1"
"174","https://media.propmix.io/mktlite/media/image?ListingId=PFX142254872&imageName=23","1"
"175","https://media.propmix.io/mktlite/media/image?ListingId=PFX131972490&imageName=1","1"
"189","https://media.propmix.io/mktlite/media/image?ListingId=PFX131972490&imageName=15","1"
"190","https://media.propmix.io/mktlite/media/image?ListingId=PFX131972490&imageName=16","1"
"191","https://media.propmix.io/mktlite/media/image?ListingId=PFX142219682&imageName=1","1"
"205","https://media.propmix.io/mktlite/media/image?ListingId=PFX142219682&imageName=15","1"
"206","https://media.propmix.io/mktlite/media/image?ListingId=PFX142219682&imageName=16","1"
"207","https://media.propmix.io/mktlite/media/image?ListingId=PFX142219811&imageName=1","1"
"222","https://media.propmix.io/mktlite/media/image?ListingId=PFX153254791&imageName=1","1"
"223","https://media.propmix.io/mktlite/media/image?ListingId=PFX153254791&imageName=2","1"
"224","https://media.propmix.io/mktlite/media/image?ListingId=PFX153254791&imageName=3","1"
"246","https://media.propmix.io/mktlite/media/image?ListingId=PFX153254791&imageName=25","1"
"252","https://media.propmix.io/mktlite/media/image?ListingId=PFX142245947&imageName=1","1"
"269","https://media.propmix.io/mktlite/media/image?ListingId=PFX142245947&imageName=18","1"
"271","https://media.propmix.io/mktlite/media/image?ListingId=PFX142151503&imageName=1","1"
"270","https://media.propmix.io/mktlite/media/image?ListingId=PFX142245947&imageName=19","1"
"283","https://media.propmix.io/mktlite/media/image?ListingId=PFX117130149&imageName=1","1"
"295","https://media.propmix.io/mktlite/media/image?ListingId=PFX142193455&imageName=1","1"
"296","https://media.propmix.io/mktlite/media/image?ListingId=PFX142193455&imageName=2","1"
"310","https://media.propmix.io/mktlite/media/image?ListingId=PFX142193455&imageName=16","1"
"311","https://media.propmix.io/mktlite/media/image?ListingId=PFX142193455&imageName=17","1"
"312","https://media.propmix.io/mktlite/media/image?ListingId=PFX142193455&imageName=18","1"
"314","https://media.propmix.io/mktlite/media/image?ListingId=PFX124861816&imageName=1","1"
"315","https://media.propmix.io/mktlite/media/image?ListingId=PFX124861816&imageName=2","1"
"329","https://media.propmix.io/mktlite/media/image?ListingId=PFX124861816&imageName=16","1"
"330","https://media.propmix.io/mktlite/media/image?ListingId=PFX124861816&imageName=17","1"
"331","https://media.propmix.io/mktlite/media/image?ListingId=PFX124861816&imageName=18","1"
"332","https://media.propmix.io/mktlite/media/image?ListingId=PFX124861816&imageName=19","1"
"333","https://media.propmix.io/mktlite/media/image?ListingId=PFX142307147&imageName=1","1"
"334","https://media.propmix.io/mktlite/media/image?ListingId=PFX142307147&imageName=2","1"
"349","https://media.propmix.io/mktlite/media/image?ListingId=PFX142307147&imageName=17","1"
"350","https://media.propmix.io/mktlite/media/image?ListingId=PFX142307147&imageName=18","1"
"352","https://media.propmix.io/mktlite/media/image?ListingId=PFX142307147&imageName=20","1"
"354","https://media.propmix.io/mktlite/media/image?ListingId=PFX131664256&imageName=1","1"
"355","https://media.propmix.io/mktlite/media/image?ListingId=PFX131664256&imageName=2","1"
"370","https://media.propmix.io/mktlite/media/image?ListingId=PFX142237157&imageName=1","1"
"383","https://media.propmix.io/mktlite/media/image?ListingId=PFX142237157&imageName=14","1"
"384","https://media.propmix.io/mktlite/media/image?ListingId=PFX142237157&imageName=15","1"
"386","https://media.propmix.io/mktlite/media/image?ListingId=PFX142248913&imageName=1","1"
"397","https://media.propmix.io/mktlite/media/image?ListingId=PFX142248913&imageName=12","1"
"398","https://media.propmix.io/mktlite/media/image?ListingId=PFX142248913&imageName=13","1"
"399","https://media.propmix.io/mktlite/media/image?ListingId=PFX142248913&imageName=14","1"
"400","https://media.propmix.io/mktlite/media/image?ListingId=PFX142248913&imageName=15","1"
"401","https://media.propmix.io/mktlite/media/image?ListingId=PFX142248913&imageName=16","1"
"402","https://media.propmix.io/mktlite/media/image?ListingId=PFX142248913&imageName=17","1"
"403","https://media.propmix.io/mktlite/media/image?ListingId=PFX142247725&imageName=1","1"
"404","https://media.propmix.io/mktlite/media/image?ListingId=PFX142247725&imageName=2","1"
"405","https://media.propmix.io/mktlite/media/image?ListingId=PFX142247725&imageName=3","1"
"406","https://media.propmix.io/mktlite/media/image?ListingId=PFX142247725&imageName=4","1"
"422","https://media.propmix.io/mktlite/media/image?ListingId=PFX142247725&imageName=20","1"
"423","https://media.propmix.io/mktlite/media/image?ListingId=PFX142247725&imageName=21","1"
"424","https://media.propmix.io/mktlite/media/image?ListingId=PFX142245335&imageName=1","1"
"447","https://media.propmix.io/mktlite/media/image?ListingId=PFX142245335&imageName=24","1"
"448","https://media.propmix.io/mktlite/media/image?ListingId=PFX142245335&imageName=25","1"
"449","https://media.propmix.io/mktlite/media/image?ListingId=PFX142245335&imageName=26","1"
"450","https://media.propmix.io/mktlite/media/image?ListingId=PFX142245335&imageName=27","1"
"452","https://media.propmix.io/mktlite/media/image?ListingId=98828866&imageName=1","1"
"462","https://media.propmix.io/mktlite/media/image?ListingId=PFX142254478&imageName=1","1"
"479","https://media.propmix.io/mktlite/media/image?ListingId=PFX142254478&imageName=18","1"
"480","https://media.propmix.io/mktlite/media/image?ListingId=PFX142254478&imageName=19","1"
"481","https://media.propmix.io/mktlite/media/image?ListingId=PFX142194607&imageName=1","1"
"482","https://media.propmix.io/mktlite/media/image?ListingId=PFX142194607&imageName=2","1"
"483","https://media.propmix.io/mktlite/media/image?ListingId=PFX142194607&imageName=3","1"
"489","https://media.propmix.io/mktlite/media/image?ListingId=PFX125242104&imageName=1","1"
"490","https://media.propmix.io/mktlite/media/image?ListingId=PFX125242104&imageName=2","1"
"491","https://media.propmix.io/mktlite/media/image?ListingId=PFX125242104&imageName=3","1"
"497","https://media.propmix.io/mktlite/media/image?ListingId=PFX142244589&imageName=1","1"
"498","https://media.propmix.io/mktlite/media/image?ListingId=PFX142244589&imageName=2","1"
"515","https://media.propmix.io/mktlite/media/image?ListingId=PFX142244589&imageName=19","1"
"516","https://media.propmix.io/mktlite/media/image?ListingId=PFX142244589&imageName=20","1"
"517","https://media.propmix.io/mktlite/media/image?ListingId=PFX142244589&imageName=21","1"
"518","https://media.propmix.io/mktlite/media/image?ListingId=PFX142244589&imageName=22","1"
"520","https://media.propmix.io/mktlite/media/image?ListingId=PFX142244589&imageName=24","1"
"521","https://media.propmix.io/mktlite/media/image?ListingId=PFX142251712&imageName=1","1"
"522","https://media.propmix.io/mktlite/media/image?ListingId=PFX142251712&imageName=2","1"
"537","https://media.propmix.io/mktlite/media/image?ListingId=PFX142251712&imageName=17","1"
"538","https://media.propmix.io/mktlite/media/image?ListingId=PFX142251712&imageName=18","1"
"540","https://media.propmix.io/mktlite/media/image?ListingId=PFX129372489&imageName=1","1"
"541","https://media.propmix.io/mktlite/media/image?ListingId=PFX129372489&imageName=2","1"
"542","https://media.propmix.io/mktlite/media/image?ListingId=PFX129372489&imageName=3","1"
"555","https://media.propmix.io/mktlite/media/image?ListingId=PFX129372489&imageName=16","1"
"557","https://media.propmix.io/mktlite/media/image?ListingId=PFX142220630&imageName=1","1"
"558","https://media.propmix.io/mktlite/media/image?ListingId=PFX142220630&imageName=2","1"
"578","https://media.propmix.io/mktlite/media/image?ListingId=PFX142220630&imageName=22","1"
"579","https://media.propmix.io/mktlite/media/image?ListingId=PFX142220630&imageName=23","1"
"581","https://media.propmix.io/mktlite/media/image?ListingId=PFX142220630&imageName=25","1"
"584","https://media.propmix.io/mktlite/media/image?ListingId=PFX142194647&imageName=3","1"
"582","https://media.propmix.io/mktlite/media/image?ListingId=PFX142194647&imageName=1","1"
"595","https://media.propmix.io/mktlite/media/image?ListingId=PFX125251667&imageName=1","1"
"597","https://media.propmix.io/mktlite/media/image?ListingId=PFX125251667&imageName=3","1"
"596","https://media.propmix.io/mktlite/media/image?ListingId=PFX125251667&imageName=2","1"
"608","https://media.propmix.io/mktlite/media/image?ListingId=PFX142250068&imageName=1","1"
"630","https://media.propmix.io/mktlite/media/image?ListingId=PFX142250068&imageName=23","1"
"632","https://media.propmix.io/mktlite/media/image?ListingId=PFX145966164&imageName=1","1"
"646","https://media.propmix.io/mktlite/media/image?ListingId=PFX145966164&imageName=15","1"
"647","https://media.propmix.io/mktlite/media/image?ListingId=PFX126726285&imageName=1","1"
"648","https://media.propmix.io/mktlite/media/image?ListingId=PFX126726285&imageName=2","1"
"660","https://media.propmix.io/mktlite/media/image?ListingId=PFX126726285&imageName=14","1"
"661","https://media.propmix.io/mktlite/media/image?ListingId=PFX126726285&imageName=15","1"
"681","https://media.propmix.io/mktlite/media/image?ListingId=PFX122523490&imageName=19","1"
"680","https://media.propmix.io/mktlite/media/image?ListingId=PFX122523490&imageName=18","1"
"682","https://media.propmix.io/mktlite/media/image?ListingId=PFX142190728&imageName=1","1"
"699","https://media.propmix.io/mktlite/media/image?ListingId=PFX142190728&imageName=18","1"
"700","https://media.propmix.io/mktlite/media/image?ListingId=PFX142190728&imageName=19","1"
"701","https://media.propmix.io/mktlite/media/image?ListingId=PFX142249168&imageName=1","1"
"702","https://media.propmix.io/mktlite/media/image?ListingId=PFX142249168&imageName=2","1"
"703","https://media.propmix.io/mktlite/media/image?ListingId=PFX142249168&imageName=3","1"
"723","https://media.propmix.io/mktlite/media/image?ListingId=PFX142249168&imageName=23","1"
"722","https://media.propmix.io/mktlite/media/image?ListingId=PFX142249168&imageName=22","1"
"725","https://media.propmix.io/mktlite/media/image?ListingId=PFX142249083&imageName=2","1"
"724","https://media.propmix.io/mktlite/media/image?ListingId=PFX142249083&imageName=1","1"
"743","https://media.propmix.io/mktlite/media/image?ListingId=PFX142201389&imageName=1","1"
"759","https://media.propmix.io/mktlite/media/image?ListingId=PFX142241981&imageName=2","1"
"760","https://media.propmix.io/mktlite/media/image?ListingId=PFX142241981&imageName=3","1"
"785","https://media.propmix.io/mktlite/media/image?ListingId=PFX142241981&imageName=28","1"
"787","https://media.propmix.io/mktlite/media/image?ListingId=PFX142198419&imageName=1","1"
"788","https://media.propmix.io/mktlite/media/image?ListingId=PFX142198419&imageName=2","1"
"799","https://media.propmix.io/mktlite/media/image?ListingId=PFX129906611&imageName=1","1"
"800","https://media.propmix.io/mktlite/media/image?ListingId=PFX129906611&imageName=2","1"
"801","https://media.propmix.io/mktlite/media/image?ListingId=PFX129906611&imageName=3","1"
"811","https://media.propmix.io/mktlite/media/image?ListingId=PFX142238901&imageName=1","1"
"830","https://media.propmix.io/mktlite/media/image?ListingId=PFX148931525&imageName=1","1"
"831","https://media.propmix.io/mktlite/media/image?ListingId=PFX148931525&imageName=2","1"
"828","https://media.propmix.io/mktlite/media/image?ListingId=PFX142238901&imageName=18","1"
"832","https://media.propmix.io/mktlite/media/image?ListingId=PFX148931525&imageName=3","1"
"846","https://media.propmix.io/mktlite/media/image?ListingId=PFX148931525&imageName=17","1"
"847","https://media.propmix.io/mktlite/media/image?ListingId=PFX148931525&imageName=18","1"
"848","https://media.propmix.io/mktlite/media/image?ListingId=PFX148931525&imageName=19","1"
"849","https://media.propmix.io/mktlite/media/image?ListingId=PFX148931525&imageName=20","1"
"850","https://media.propmix.io/mktlite/media/image?ListingId=PFX123169867&imageName=1","1"
"851","https://media.propmix.io/mktlite/media/image?ListingId=PFX123169867&imageName=2","1"
"870","https://media.propmix.io/mktlite/media/image?ListingId=PFX142157726&imageName=1","1"
"871","https://media.propmix.io/mktlite/media/image?ListingId=PFX142157726&imageName=2","1"
"887","https://media.propmix.io/mktlite/media/image?ListingId=PFX142157726&imageName=18","1"
"890","https://media.propmix.io/mktlite/media/image?ListingId=PFX142245638&imageName=1","1"
"903","https://media.propmix.io/mktlite/media/image?ListingId=PFX142245638&imageName=14","1"
"905","https://media.propmix.io/mktlite/media/image?ListingId=PFX119271998&imageName=1","1"
"920","https://media.propmix.io/mktlite/media/image?ListingId=PFX142189646&imageName=1","1"
"921","https://media.propmix.io/mktlite/media/image?ListingId=PFX142189646&imageName=2","1"
"935","https://media.propmix.io/mktlite/media/image?ListingId=PFX142159968&imageName=1","1"
"936","https://media.propmix.io/mktlite/media/image?ListingId=PFX142159968&imageName=2","1"
"950","https://media.propmix.io/mktlite/media/image?ListingId=PFX142159968&imageName=16","1"
"952","https://media.propmix.io/mktlite/media/image?ListingId=PFX142159968&imageName=18","1"
"953","https://media.propmix.io/mktlite/media/image?ListingId=PFX142159968&imageName=19","1"
"955","https://media.propmix.io/mktlite/media/image?ListingId=PFX142162902&imageName=1","1"
"956","https://media.propmix.io/mktlite/media/image?ListingId=PFX142162902&imageName=2","1"
"957","https://media.propmix.io/mktlite/media/image?ListingId=PFX142162902&imageName=3","1"
"958","https://media.propmix.io/mktlite/media/image?ListingId=PFX142162902&imageName=4","1"
"975","https://media.propmix.io/mktlite/media/image?ListingId=PFX131776851&imageName=1","1"
"986","https://media.propmix.io/mktlite/media/image?ListingId=PFX131776851&imageName=12","1"
"987","https://media.propmix.io/mktlite/media/image?ListingId=PFX131776851&imageName=13","1"
"988","https://media.propmix.io/mktlite/media/image?ListingId=80809620&imageName=1","1"
"1006","https://media.propmix.io/mktlite/media/image?ListingId=80809620&imageName=19","1"
"1007","https://media.propmix.io/mktlite/media/image?ListingId=80809620&imageName=20","1"
"1008","https://media.propmix.io/mktlite/media/image?ListingId=PFX142152876&imageName=1","1"
"1025","https://media.propmix.io/mktlite/media/image?ListingId=PFX142152876&imageName=18","1"
"1026","https://media.propmix.io/mktlite/media/image?ListingId=PFX142152876&imageName=19","1"
"1027","https://media.propmix.io/mktlite/media/image?ListingId=PFX119192128&imageName=1","1"
"1044","https://media.propmix.io/mktlite/media/image?ListingId=PFX119192128&imageName=18","1"
"1045","https://media.propmix.io/mktlite/media/image?ListingId=PFX119192128&imageName=19","1"
"1046","https://media.propmix.io/mktlite/media/image?ListingId=PFX125218262&imageName=1","1"
"1055","https://media.propmix.io/mktlite/media/image?ListingId=PFX125218262&imageName=10","1"
"1056","https://media.propmix.io/mktlite/media/image?ListingId=PFX125218262&imageName=11","1"
"1058","https://media.propmix.io/mktlite/media/image?ListingId=PFX125218262&imageName=13","1"
"1059","https://media.propmix.io/mktlite/media/image?ListingId=PFX142157830&imageName=1","1"
"1060","https://media.propmix.io/mktlite/media/image?ListingId=PFX142157830&imageName=2","1"
"1061","https://media.propmix.io/mktlite/media/image?ListingId=PFX142157830&imageName=3","1"
"1070","https://media.propmix.io/mktlite/media/image?ListingId=PFX142157830&imageName=12","1"
"1072","https://media.propmix.io/mktlite/media/image?ListingId=PFX123200806&imageName=1","1"
"1073","https://media.propmix.io/mktlite/media/image?ListingId=PFX123200806&imageName=2","1"
"1074","https://media.propmix.io/mktlite/media/image?ListingId=PFX123200806&imageName=3","1"
"1083","https://media.propmix.io/mktlite/media/image?ListingId=PFX123200806&imageName=12","1"
"1085","https://media.propmix.io/mktlite/media/image?ListingId=PFX145052618&imageName=1","1"
"1098","https://media.propmix.io/mktlite/media/image?ListingId=PFX145052618&imageName=14","1"
"1099","https://media.propmix.io/mktlite/media/image?ListingId=PFX145052618&imageName=15","1"
"1100","https://media.propmix.io/mktlite/media/image?ListingId=PFX129592453&imageName=1","1"
"1107","https://media.propmix.io/mktlite/media/image?ListingId=PFX142197741&imageName=1","1"
"1114","https://media.propmix.io/mktlite/media/image?ListingId=PFX142195037&imageName=1","1"
"1115","https://media.propmix.io/mktlite/media/image?ListingId=PFX142195037&imageName=2","1"
"1121","https://media.propmix.io/mktlite/media/image?ListingId=PFX131406823&imageName=1","1"
"1122","https://media.propmix.io/mktlite/media/image?ListingId=PFX131406823&imageName=2","1"
"1137","https://media.propmix.io/mktlite/media/image?ListingId=PFX131406823&imageName=17","1"
"1138","https://media.propmix.io/mktlite/media/image?ListingId=PFX131406823&imageName=18","1"
"1139","https://media.propmix.io/mktlite/media/image?ListingId=PFX131406823&imageName=19","1"
"1140","https://media.propmix.io/mktlite/media/image?ListingId=PFX142218440&imageName=1","1"
"1141","https://media.propmix.io/mktlite/media/image?ListingId=PFX142218440&imageName=2","1"
"1156","https://media.propmix.io/mktlite/media/image?ListingId=PFX142218440&imageName=17","1"
"1157","https://media.propmix.io/mktlite/media/image?ListingId=PFX142218440&imageName=18","1"
"1158","https://media.propmix.io/mktlite/media/image?ListingId=PFX142218440&imageName=19","1"
"1159","https://media.propmix.io/mktlite/media/image?ListingId=PFX123733788&imageName=1","1"
"1172","https://media.propmix.io/mktlite/media/image?ListingId=PFX123733788&imageName=14","1"
"1173","https://media.propmix.io/mktlite/media/image?ListingId=PFX123733788&imageName=15","1"
"1174","https://media.propmix.io/mktlite/media/image?ListingId=PFX123733788&imageName=16","1"
"1175","https://media.propmix.io/mktlite/media/image?ListingId=PFX142159535&imageName=1","1"
"1188","https://media.propmix.io/mktlite/media/image?ListingId=PFX142159535&imageName=14","1"
"1189","https://media.propmix.io/mktlite/media/image?ListingId=PFX142159535&imageName=15","1"
"1190","https://media.propmix.io/mktlite/media/image?ListingId=PFX142159535&imageName=16","1"
"1191","https://media.propmix.io/mktlite/media/image?ListingId=PFX130400406&imageName=1","1"
"1192","https://media.propmix.io/mktlite/media/image?ListingId=PFX130400406&imageName=2","1"
"1193","https://media.propmix.io/mktlite/media/image?ListingId=PFX130400406&imageName=3","1"
"1206","https://media.propmix.io/mktlite/media/image?ListingId=PFX130400406&imageName=16","1"
"1207","https://media.propmix.io/mktlite/media/image?ListingId=PFX153383577&imageName=1","1"
"1208","https://media.propmix.io/mktlite/media/image?ListingId=PFX153383577&imageName=2","1"
"1209","https://media.propmix.io/mktlite/media/image?ListingId=PFX153383577&imageName=3","1"
"1210","https://media.propmix.io/mktlite/media/image?ListingId=PFX153383577&imageName=4","1"
"1235","https://media.propmix.io/mktlite/media/image?ListingId=PFX153383577&imageName=29","1"
"1236","https://media.propmix.io/mktlite/media/image?ListingId=PFX153383577&imageName=30","1"
"1237","https://media.propmix.io/mktlite/media/image?ListingId=PFX153383577&imageName=31","1"
"1238","https://media.propmix.io/mktlite/media/image?ListingId=PFX153383577&imageName=32","1"
"1239","https://media.propmix.io/mktlite/media/image?ListingId=PFX153383577&imageName=33","1"
"1241","https://media.propmix.io/mktlite/media/image?ListingId=PFX142159481&imageName=1","1"
"1259","https://media.propmix.io/mktlite/media/image?ListingId=PFX142159481&imageName=19","1"
"1260","https://media.propmix.io/mktlite/media/image?ListingId=PFX142159481&imageName=20","1"
"1261","https://media.propmix.io/mktlite/media/image?ListingId=PFX153271776&imageName=1","1"
"1262","https://media.propmix.io/mktlite/media/image?ListingId=PFX153271776&imageName=2","1"
"1263","https://media.propmix.io/mktlite/media/image?ListingId=PFX153271776&imageName=3","1"
"1264","https://media.propmix.io/mktlite/media/image?ListingId=PFX153271776&imageName=4","1"
"1265","https://media.propmix.io/mktlite/media/image?ListingId=PFX153271776&imageName=5","1"
"1287","https://media.propmix.io/mktlite/media/image?ListingId=PFX142163763&imageName=1","1"
"1303","https://media.propmix.io/mktlite/media/image?ListingId=PFX142162416&imageName=1","1"
"1318","https://media.propmix.io/mktlite/media/image?ListingId=PFX142162416&imageName=16","1"
"1321","https://media.propmix.io/mktlite/media/image?ListingId=PFX142199367&imageName=1","1"
"1336","https://media.propmix.io/mktlite/media/image?ListingId=PFX142162750&imageName=1","1"
"1350","https://media.propmix.io/mktlite/media/image?ListingId=PFX142162750&imageName=15","1"
"1351","https://media.propmix.io/mktlite/media/image?ListingId=PFX142162750&imageName=16","1"
"1354","https://media.propmix.io/mktlite/media/image?ListingId=PFX142220528&imageName=1","1"
"1355","https://media.propmix.io/mktlite/media/image?ListingId=PFX142220528&imageName=2","1"
"1356","https://media.propmix.io/mktlite/media/image?ListingId=PFX142220528&imageName=3","1"
"1367","https://media.propmix.io/mktlite/media/image?ListingId=PFX142220528&imageName=14","1"
"1368","https://media.propmix.io/mktlite/media/image?ListingId=PFX142220528&imageName=15","1"
"1369","https://media.propmix.io/mktlite/media/image?ListingId=PFX142483168&imageName=1","1"
"1370","https://media.propmix.io/mktlite/media/image?ListingId=PFX142483168&imageName=2","1"
"1378","https://media.propmix.io/mktlite/media/image?ListingId=PFX142483168&imageName=10","1"
"1379","https://media.propmix.io/mktlite/media/image?ListingId=PFX142483168&imageName=11","1"
"1380","https://media.propmix.io/mktlite/media/image?ListingId=PFX142483168&imageName=12","1"
"1399","https://media.propmix.io/mktlite/media/image?ListingId=PFX142483168&imageName=31","1"
"1400","https://media.propmix.io/mktlite/media/image?ListingId=PFX142483168&imageName=32","1"
"1401","https://media.propmix.io/mktlite/media/image?ListingId=PFX142214745&imageName=1","1"
"1419","https://media.propmix.io/mktlite/media/image?ListingId=PFX142218499&imageName=1","1"
"1433","https://media.propmix.io/mktlite/media/image?ListingId=PFX142218499&imageName=15","1"
"1434","https://media.propmix.io/mktlite/media/image?ListingId=PFX142218499&imageName=16","1"
"1435","https://media.propmix.io/mktlite/media/image?ListingId=PFX142218499&imageName=17","1"
"1436","https://media.propmix.io/mktlite/media/image?ListingId=PFX142218499&imageName=18","1"
"1437","https://media.propmix.io/mktlite/media/image?ListingId=PFX142218499&imageName=19","1"
"1438","https://media.propmix.io/mktlite/media/image?ListingId=PFX142218499&imageName=20","1"
"1439","https://media.propmix.io/mktlite/media/image?ListingId=PFX142220658&imageName=1","1"
"1440","https://media.propmix.io/mktlite/media/image?ListingId=PFX142220658&imageName=2","1"
"1465","https://media.propmix.io/mktlite/media/image?ListingId=PFX142220658&imageName=27","1"
"1466","https://media.propmix.io/mktlite/media/image?ListingId=PFX142220658&imageName=28","1"
"1468","https://media.propmix.io/mktlite/media/image?ListingId=PFX142240446&imageName=1","1"
"1484","https://media.propmix.io/mktlite/media/image?ListingId=PFX142240446&imageName=17","1"
"1485","https://media.propmix.io/mktlite/media/image?ListingId=PFX142240446&imageName=18","1"
"1486","https://media.propmix.io/mktlite/media/image?ListingId=PFX142240446&imageName=19","1"
"1487","https://media.propmix.io/mktlite/media/image?ListingId=PFX131971166&imageName=1","1"
"1503","https://media.propmix.io/mktlite/media/image?ListingId=PFX131971166&imageName=17","1"
"1504","https://media.propmix.io/mktlite/media/image?ListingId=PFX131971166&imageName=18","1"
"1505","https://media.propmix.io/mktlite/media/image?ListingId=PFX131971166&imageName=19","1"
"1506","https://media.propmix.io/mktlite/media/image?ListingId=PFX142191234&imageName=1","1"
"1507","https://media.propmix.io/mktlite/media/image?ListingId=PFX142191234&imageName=2","1"
"1509","https://media.propmix.io/mktlite/media/image?ListingId=PFX142191234&imageName=4","1"
"1526","https://media.propmix.io/mktlite/media/image?ListingId=PFX127522341&imageName=1","1"
"1532","https://media.propmix.io/mktlite/media/image?ListingId=PFX127522341&imageName=7","1"
"1535","https://media.propmix.io/mktlite/media/image?ListingId=PFX127522341&imageName=10","1"
"1537","https://media.propmix.io/mktlite/media/image?ListingId=PFX127522341&imageName=12","1"
"1536","https://media.propmix.io/mktlite/media/image?ListingId=PFX127522341&imageName=11","1"
"1541","https://media.propmix.io/mktlite/media/image?ListingId=PFX127522341&imageName=16","1"
"1543","https://media.propmix.io/mktlite/media/image?ListingId=PFX127522341&imageName=18","1"
"1545","https://media.propmix.io/mktlite/media/image?ListingId=PFX142163309&imageName=1","1"
"1544","https://media.propmix.io/mktlite/media/image?ListingId=PFX127522341&imageName=19","1"
"1551","https://media.propmix.io/mktlite/media/image?ListingId=PFX142163309&imageName=7","1"
"1553","https://media.propmix.io/mktlite/media/image?ListingId=PFX142163309&imageName=9","1"
"1554","https://media.propmix.io/mktlite/media/image?ListingId=PFX142163309&imageName=10","1"
"1556","https://media.propmix.io/mktlite/media/image?ListingId=PFX142163309&imageName=12","1"
"1560","https://media.propmix.io/mktlite/media/image?ListingId=PFX142163309&imageName=16","1"
"1562","https://media.propmix.io/mktlite/media/image?ListingId=PFX142163309&imageName=18","1"
"1563","https://media.propmix.io/mktlite/media/image?ListingId=PFX142163309&imageName=19","1"
"1565","https://media.propmix.io/mktlite/media/image?ListingId=PFX144978403&imageName=2","1"
"1564","https://media.propmix.io/mktlite/media/image?ListingId=PFX144978403&imageName=1","1"
"1566","https://media.propmix.io/mktlite/media/image?ListingId=PFX144978403&imageName=3","1"
"1567","https://media.propmix.io/mktlite/media/image?ListingId=PFX144978403&imageName=4","1"
"1568","https://media.propmix.io/mktlite/media/image?ListingId=PFX144978403&imageName=5","1"
"1570","https://media.propmix.io/mktlite/media/image?ListingId=PFX144978403&imageName=7","1"
"1569","https://media.propmix.io/mktlite/media/image?ListingId=PFX144978403&imageName=6","1"
"1571","https://media.propmix.io/mktlite/media/image?ListingId=PFX144978403&imageName=8","1"
"1572","https://media.propmix.io/mktlite/media/image?ListingId=PFX144978403&imageName=9","1"
"1573","https://media.propmix.io/mktlite/media/image?ListingId=PFX144978403&imageName=10","1"
"1575","https://media.propmix.io/mktlite/media/image?ListingId=PFX144978403&imageName=12","1"
"1574","https://media.propmix.io/mktlite/media/image?ListingId=PFX144978403&imageName=11","1"
"1591","https://media.propmix.io/mktlite/media/image?ListingId=PFX127454863&imageName=1","1"
"1599","https://media.propmix.io/mktlite/media/image?ListingId=PFX127454863&imageName=9","1"
"1602","https://media.propmix.io/mktlite/media/image?ListingId=PFX127454863&imageName=12","1"
"1604","https://media.propmix.io/mktlite/media/image?ListingId=PFX142159884&imageName=1","1"
"1618","https://media.propmix.io/mktlite/media/image?ListingId=PFX153991031&imageName=1","1"
"1619","https://media.propmix.io/mktlite/media/image?ListingId=PFX153991031&imageName=2","1"
"1620","https://media.propmix.io/mktlite/media/image?ListingId=PFX153991031&imageName=3","1"
"1643","https://media.propmix.io/mktlite/media/image?ListingId=PFX142236502&imageName=12","1"
"1644","https://media.propmix.io/mktlite/media/image?ListingId=PFX142236502&imageName=13","1"
"1642","https://media.propmix.io/mktlite/media/image?ListingId=PFX142236502&imageName=11","1"
"1645","https://media.propmix.io/mktlite/media/image?ListingId=PFX142236502&imageName=14","1"
"1663","https://media.propmix.io/mktlite/media/image?ListingId=PFX130359090&imageName=12","1"
"1664","https://media.propmix.io/mktlite/media/image?ListingId=PFX130359090&imageName=13","1"
"1662","https://media.propmix.io/mktlite/media/image?ListingId=PFX130359090&imageName=11","1"
"1665","https://media.propmix.io/mktlite/media/image?ListingId=PFX130359090&imageName=14","1"
"1672","https://media.propmix.io/mktlite/media/image?ListingId=PFX131630946&imageName=1","1"
"1689","https://media.propmix.io/mktlite/media/image?ListingId=PFX131630946&imageName=18","1"
"1746","https://media.propmix.io/mktlite/media/image?ListingId=PFX142273472&imageName=8","1"
"1761","https://media.propmix.io/mktlite/media/image?ListingId=PFX142273472&imageName=23","1"
"1777","https://media.propmix.io/mktlite/media/image?ListingId=PFX131848835&imageName=9","1"
"1788","https://media.propmix.io/mktlite/media/image?ListingId=PFX142262506&imageName=8","1"
"1799","https://media.propmix.io/mktlite/media/image?ListingId=PFX131417859&imageName=6","1"
"1864","https://media.propmix.io/mktlite/media/image?ListingId=PFX142271183&imageName=9","1"
"1865","https://media.propmix.io/mktlite/media/image?ListingId=PFX142271183&imageName=10","1"
"1880","https://media.propmix.io/mktlite/media/image?ListingId=PFX149038934&imageName=8","1"
"1882","https://media.propmix.io/mktlite/media/image?ListingId=PFX149038934&imageName=10","1"
"1919","https://media.propmix.io/mktlite/media/image?ListingId=PFX116346661&imageName=13","1"
"1927","https://media.propmix.io/mktlite/media/image?ListingId=PFX142271201&imageName=7","1"
"1928","https://media.propmix.io/mktlite/media/image?ListingId=PFX142271201&imageName=8","1"
"1930","https://media.propmix.io/mktlite/media/image?ListingId=PFX142271201&imageName=10","1"
"1931","https://media.propmix.io/mktlite/media/image?ListingId=PFX142271201&imageName=11","1"
"1934","https://media.propmix.io/mktlite/media/image?ListingId=118616982&imageName=1","1"
"1947","https://media.propmix.io/mktlite/media/image?ListingId=PFX142271235&imageName=6","1"
"1950","https://media.propmix.io/mktlite/media/image?ListingId=PFX142271235&imageName=9","1"
"1959","https://media.propmix.io/mktlite/media/image?ListingId=PFX149270786&imageName=7","1"
"1968","https://media.propmix.io/mktlite/media/image?ListingId=119776459&imageName=7","1"
"1971","https://media.propmix.io/mktlite/media/image?ListingId=119776459&imageName=10","1"
"1979","https://media.propmix.io/mktlite/media/image?ListingId=PFX149587558&imageName=7","1"
"1993","https://media.propmix.io/mktlite/media/image?ListingId=119926423&imageName=7","1"
"2001","https://media.propmix.io/mktlite/media/image?ListingId=PFX142272423&imageName=6","1"
"2003","https://media.propmix.io/mktlite/media/image?ListingId=PFX142272423&imageName=8","1"
"2023","https://media.propmix.io/mktlite/media/image?ListingId=PFX153219368&imageName=5","1"
"2043","https://media.propmix.io/mktlite/media/image?ListingId=PFX145742532&imageName=14","1"
"2045","https://media.propmix.io/mktlite/media/image?ListingId=PFX145742532&imageName=16","1"
"2047","https://media.propmix.io/mktlite/media/image?ListingId=PFX145742532&imageName=18","1"
"2048","https://media.propmix.io/mktlite/media/image?ListingId=PFX145742532&imageName=19","1"
"2050","https://media.propmix.io/mktlite/media/image?ListingId=PFX145742532&imageName=21","1"
"2051","https://media.propmix.io/mktlite/media/image?ListingId=PFX145742532&imageName=22","1"
"2063","https://media.propmix.io/mktlite/media/image?ListingId=PFX125900786&imageName=10","1"
"2077","https://media.propmix.io/mktlite/media/image?ListingId=PFX142271589&imageName=11","1"
"2086","https://media.propmix.io/mktlite/media/image?ListingId=119775696&imageName=6","1"
"2106","https://media.propmix.io/mktlite/media/image?ListingId=78414435&imageName=9","1"
"2112","https://media.propmix.io/mktlite/media/image?ListingId=PFX130360859&imageName=4","1"
"2137","https://media.propmix.io/mktlite/media/image?ListingId=PFX130360866&imageName=4","1"
"2149","https://media.propmix.io/mktlite/media/image?ListingId=PFX130360867&imageName=3","1"
"2158","https://media.propmix.io/mktlite/media/image?ListingId=PFX130360867&imageName=12","1"
"2163","https://media.propmix.io/mktlite/media/image?ListingId=PFX130360869&imageName=3","1"
"2177","https://media.propmix.io/mktlite/media/image?ListingId=PFX130369045&imageName=3","1"
"2371","https://media.propmix.io/mktlite/media/image?ListingId=PFX148412734&imageName=8","1"
"2396","https://media.propmix.io/mktlite/media/image?ListingId=63231761&imageName=11","1"
"2398","https://media.propmix.io/mktlite/media/image?ListingId=63231761&imageName=13","1"
"2418","https://media.propmix.io/mktlite/media/image?ListingId=PFX147565492&imageName=7","1"
"2420","https://media.propmix.io/mktlite/media/image?ListingId=PFX142307978&imageName=1","1"
"2524","https://media.propmix.io/mktlite/media/image?ListingId=PFX142252425&imageName=17","1"
"2631","https://media.propmix.io/mktlite/media/image?ListingId=PFX131643578&imageName=6","1"
"3382","https://media.propmix.io/mktlite/media/image?ListingId=PFX129567277&imageName=1","1"
"3383","https://media.propmix.io/mktlite/media/image?ListingId=PFX129567277&imageName=2","1"
"3401","https://media.propmix.io/mktlite/media/image?ListingId=PFX142258794&imageName=1","1"
"4277","https://media.propmix.io/mktlite/media/image?ListingId=PFX130516555&imageName=1","1"
"4279","https://media.propmix.io/mktlite/media/image?ListingId=PFX130516555&imageName=3","1"
"4280","https://media.propmix.io/mktlite/media/image?ListingId=PFX130516555&imageName=4","1"
"4278","https://media.propmix.io/mktlite/media/image?ListingId=PFX130516555&imageName=2","1"
"4292","https://media.propmix.io/mktlite/media/image?ListingId=PFX130516555&imageName=16","1"
"4293","https://media.propmix.io/mktlite/media/image?ListingId=PFX130516555&imageName=17","1"
"4294","https://media.propmix.io/mktlite/media/image?ListingId=PFX130516555&imageName=18","1"
"4296","https://media.propmix.io/mktlite/media/image?ListingId=PFX142199255&imageName=1","1"
"4298","https://media.propmix.io/mktlite/media/image?ListingId=PFX142199255&imageName=3","1"
"4297","https://media.propmix.io/mktlite/media/image?ListingId=PFX142199255&imageName=2","1"
"4313","https://media.propmix.io/mktlite/media/image?ListingId=PFX142199255&imageName=18","1"
"4312","https://media.propmix.io/mktlite/media/image?ListingId=PFX142199255&imageName=17","1"
"4315","https://media.propmix.io/mktlite/media/image?ListingId=PFX131590810&imageName=1","1"
"4317","https://media.propmix.io/mktlite/media/image?ListingId=PFX131590810&imageName=3","1"
"4318","https://media.propmix.io/mktlite/media/image?ListingId=PFX131590810&imageName=4","1"
"4327","https://media.propmix.io/mktlite/media/image?ListingId=PFX131590810&imageName=13","1"
"4328","https://media.propmix.io/mktlite/media/image?ListingId=PFX131590810&imageName=14","1"
"4329","https://media.propmix.io/mktlite/media/image?ListingId=PFX131590810&imageName=15","1"
"4331","https://media.propmix.io/mktlite/media/image?ListingId=PFX142200331&imageName=1","1"
"4332","https://media.propmix.io/mktlite/media/image?ListingId=PFX142200331&imageName=2","1"
"4333","https://media.propmix.io/mktlite/media/image?ListingId=PFX142200331&imageName=3","1"
"4334","https://media.propmix.io/mktlite/media/image?ListingId=PFX142200331&imageName=4","1"
"4343","https://media.propmix.io/mktlite/media/image?ListingId=PFX142200331&imageName=13","1"
"4344","https://media.propmix.io/mktlite/media/image?ListingId=PFX142200331&imageName=14","1"
"4345","https://media.propmix.io/mktlite/media/image?ListingId=PFX142200331&imageName=15","1"
"4349","https://media.propmix.io/mktlite/media/image?ListingId=PFX142201340&imageName=3","1"
"4348","https://media.propmix.io/mktlite/media/image?ListingId=PFX142201340&imageName=2","1"
"4361","https://media.propmix.io/mktlite/media/image?ListingId=PFX142201340&imageName=15","1"
"4360","https://media.propmix.io/mktlite/media/image?ListingId=PFX142201340&imageName=14","1"
"4388","https://media.propmix.io/mktlite/media/image?ListingId=PFX142159955&imageName=1","1"
"4403","https://media.propmix.io/mktlite/media/image?ListingId=PFX124194898&imageName=1","1"
"4418","https://media.propmix.io/mktlite/media/image?ListingId=PFX142191301&imageName=1","1"
"4429","https://media.propmix.io/mktlite/media/image?ListingId=PFX122983599&imageName=1","1"
"4440","https://media.propmix.io/mktlite/media/image?ListingId=PFX154205077&imageName=1","1"
"4441","https://media.propmix.io/mktlite/media/image?ListingId=PFX154205077&imageName=2","1"
"4442","https://media.propmix.io/mktlite/media/image?ListingId=PFX154205077&imageName=3","1"
"4466","https://media.propmix.io/mktlite/media/image?ListingId=PFX154205077&imageName=27","1"
"4468","https://media.propmix.io/mktlite/media/image?ListingId=PFX154205077&imageName=29","1"
"4469","https://media.propmix.io/mktlite/media/image?ListingId=PFX154205077&imageName=30","1"
"4467","https://media.propmix.io/mktlite/media/image?ListingId=PFX154205077&imageName=28","1"
"4470","https://media.propmix.io/mktlite/media/image?ListingId=PFX154205077&imageName=31","1"
"4481","https://media.propmix.io/mktlite/media/image?ListingId=PFX142240306&imageName=1","1"
"4489","https://media.propmix.io/mktlite/media/image?ListingId=PFX142240306&imageName=9","1"
"4491","https://media.propmix.io/mktlite/media/image?ListingId=PFX142161949&imageName=1","1"
"4500","https://media.propmix.io/mktlite/media/image?ListingId=PFX125342128&imageName=1","1"
"4510","https://media.propmix.io/mktlite/media/image?ListingId=PFX149017623&imageName=2","1"
"4512","https://media.propmix.io/mktlite/media/image?ListingId=PFX149017623&imageName=4","1"
"4514","https://media.propmix.io/mktlite/media/image?ListingId=PFX149017623&imageName=6","1"
"4515","https://media.propmix.io/mktlite/media/image?ListingId=PFX149017623&imageName=7","1"
"4517","https://media.propmix.io/mktlite/media/image?ListingId=PFX149017623&imageName=9","1"
"4516","https://media.propmix.io/mktlite/media/image?ListingId=PFX149017623&imageName=8","1"
"4513","https://media.propmix.io/mktlite/media/image?ListingId=PFX149017623&imageName=5","1"
"4518","https://media.propmix.io/mktlite/media/image?ListingId=PFX149017623&imageName=10","1"
"4541","https://media.propmix.io/mktlite/media/image?ListingId=PFX142163903&imageName=1","1"
"4549","https://media.propmix.io/mktlite/media/image?ListingId=PFX129835961&imageName=1","1"
"4568","https://media.propmix.io/mktlite/media/image?ListingId=PFX129835961&imageName=20","1"
"4569","https://media.propmix.io/mktlite/media/image?ListingId=PFX142242566&imageName=1","1"
"4570","https://media.propmix.io/mktlite/media/image?ListingId=PFX142242566&imageName=2","1"
"4548","https://media.propmix.io/mktlite/media/image?ListingId=PFX142163903&imageName=8","1"
"4572","https://media.propmix.io/mktlite/media/image?ListingId=PFX142242566&imageName=4","1"
"4594","https://media.propmix.io/mktlite/media/image?ListingId=PFX142159562&imageName=1","1"
"4599","https://media.propmix.io/mktlite/media/image?ListingId=PFX142159562&imageName=6","1"
"4602","https://media.propmix.io/mktlite/media/image?ListingId=PFX142161959&imageName=1","1"
"4601","https://media.propmix.io/mktlite/media/image?ListingId=PFX142159562&imageName=8","1"
"4600","https://media.propmix.io/mktlite/media/image?ListingId=PFX142159562&imageName=7","1"
"4614","https://media.propmix.io/mktlite/media/image?ListingId=PFX142161959&imageName=13","1"
"4615","https://media.propmix.io/mktlite/media/image?ListingId=PFX142161959&imageName=14","1"
"4617","https://media.propmix.io/mktlite/media/image?ListingId=PFX142161959&imageName=16","1"
"4618","https://media.propmix.io/mktlite/media/image?ListingId=PFX142161959&imageName=17","1"
"4621","https://media.propmix.io/mktlite/media/image?ListingId=PFX142161959&imageName=20","1"
"4622","https://media.propmix.io/mktlite/media/image?ListingId=PFX125344870&imageName=1","1"
"4635","https://media.propmix.io/mktlite/media/image?ListingId=PFX125344870&imageName=14","1"
"4634","https://media.propmix.io/mktlite/media/image?ListingId=PFX125344870&imageName=13","1"
"4637","https://media.propmix.io/mktlite/media/image?ListingId=PFX125344870&imageName=16","1"
"4641","https://media.propmix.io/mktlite/media/image?ListingId=PFX125344870&imageName=20","1"
"4642","https://media.propmix.io/mktlite/media/image?ListingId=PFX130404342&imageName=1","1"
"4652","https://media.propmix.io/mktlite/media/image?ListingId=PFX130404342&imageName=11","1"
"4654","https://media.propmix.io/mktlite/media/image?ListingId=PFX142198934&imageName=1","1"
"4664","https://media.propmix.io/mktlite/media/image?ListingId=PFX142198934&imageName=11","1"
"4666","https://media.propmix.io/mktlite/media/image?ListingId=PFX142160472&imageName=1","1"
"4667","https://media.propmix.io/mktlite/media/image?ListingId=PFX142160472&imageName=2","1"
"4668","https://media.propmix.io/mktlite/media/image?ListingId=PFX142160472&imageName=3","1"
"4669","https://media.propmix.io/mktlite/media/image?ListingId=PFX142160472&imageName=4","1"
"4686","https://media.propmix.io/mktlite/media/image?ListingId=PFX124835227&imageName=1","1"
"4687","https://media.propmix.io/mktlite/media/image?ListingId=PFX124835227&imageName=2","1"
"4688","https://media.propmix.io/mktlite/media/image?ListingId=PFX124835227&imageName=3","1"
"4689","https://media.propmix.io/mktlite/media/image?ListingId=PFX124835227&imageName=4","1"
"4706","https://media.propmix.io/mktlite/media/image?ListingId=PFX142195203&imageName=1","1"
"4725","https://media.propmix.io/mktlite/media/image?ListingId=PFX142195203&imageName=20","1"
"4731","https://media.propmix.io/mktlite/media/image?ListingId=PFX142162389&imageName=6","1"
"4726","https://media.propmix.io/mktlite/media/image?ListingId=PFX142162389&imageName=1","1"
"4733","https://media.propmix.io/mktlite/media/image?ListingId=PFX130338375&imageName=1","1"
"4744","https://media.propmix.io/mktlite/media/image?ListingId=PFX130338375&imageName=12","1"
"4746","https://media.propmix.io/mktlite/media/image?ListingId=PFX130338375&imageName=14","1"
"4749","https://media.propmix.io/mktlite/media/image?ListingId=PFX142629472&imageName=1","1"
"4750","https://media.propmix.io/mktlite/media/image?ListingId=PFX142629472&imageName=2","1"
"4768","https://media.propmix.io/mktlite/media/image?ListingId=PFX142629472&imageName=20","1"
"4770","https://media.propmix.io/mktlite/media/image?ListingId=PFX142629472&imageName=22","1"
"4769","https://media.propmix.io/mktlite/media/image?ListingId=PFX142629472&imageName=21","1"
"4772","https://media.propmix.io/mktlite/media/image?ListingId=PFX142241919&imageName=1","1"
"4771","https://media.propmix.io/mktlite/media/image?ListingId=PFX142629472&imageName=23","1"
"4774","https://media.propmix.io/mktlite/media/image?ListingId=PFX142241919&imageName=3","1"
"4773","https://media.propmix.io/mktlite/media/image?ListingId=PFX142241919&imageName=2","1"
"4775","https://media.propmix.io/mktlite/media/image?ListingId=PFX142241919&imageName=4","1"
"4776","https://media.propmix.io/mktlite/media/image?ListingId=PFX142241919&imageName=5","1"
"4777","https://media.propmix.io/mktlite/media/image?ListingId=PFX142241919&imageName=6","1"
"4778","https://media.propmix.io/mktlite/media/image?ListingId=PFX142241919&imageName=7","1"
"4799","https://media.propmix.io/mktlite/media/image?ListingId=PFX142157565&imageName=1","1"
"4800","https://media.propmix.io/mktlite/media/image?ListingId=PFX142157565&imageName=2","1"
"4815","https://media.propmix.io/mktlite/media/image?ListingId=PFX142157565&imageName=17","1"
"4816","https://media.propmix.io/mktlite/media/image?ListingId=PFX142157565&imageName=18","1"
