"8","https://media.propmix.io/mktlite/media/image?ListingId=PFX142236592&imageName=8","22"
"9","https://media.propmix.io/mktlite/media/image?ListingId=PFX142236592&imageName=9","22"
"10","https://media.propmix.io/mktlite/media/image?ListingId=PFX142236592&imageName=10","22"
"11","https://media.propmix.io/mktlite/media/image?ListingId=PFX142236592&imageName=11","22"
"43","https://media.propmix.io/mktlite/media/image?ListingId=PFX142243643&imageName=7","22"
"45","https://media.propmix.io/mktlite/media/image?ListingId=PFX142243643&imageName=9","22"
"61","https://media.propmix.io/mktlite/media/image?ListingId=113598322&imageName=7","22"
"63","https://media.propmix.io/mktlite/media/image?ListingId=113598322&imageName=9","22"
"73","https://media.propmix.io/mktlite/media/image?ListingId=PFX142197140&imageName=9","22"
"74","https://media.propmix.io/mktlite/media/image?ListingId=PFX142197140&imageName=10","22"
"86","https://media.propmix.io/mktlite/media/image?ListingId=PFX142190627&imageName=2","22"
"102","https://media.propmix.io/mktlite/media/image?ListingId=PFX116232218&imageName=8","22"
"103","https://media.propmix.io/mktlite/media/image?ListingId=PFX116232218&imageName=9","22"
"121","https://media.propmix.io/mktlite/media/image?ListingId=PFX142149621&imageName=8","22"
"122","https://media.propmix.io/mktlite/media/image?ListingId=PFX142149621&imageName=9","22"
"132","https://media.propmix.io/mktlite/media/image?ListingId=PFX153908256&imageName=2","22"
"133","https://media.propmix.io/mktlite/media/image?ListingId=PFX153908256&imageName=3","22"
"152","https://media.propmix.io/mktlite/media/image?ListingId=PFX142254872&imageName=1","22"
"153","https://media.propmix.io/mktlite/media/image?ListingId=PFX142254872&imageName=2","22"
"154","https://media.propmix.io/mktlite/media/image?ListingId=PFX142254872&imageName=3","22"
"155","https://media.propmix.io/mktlite/media/image?ListingId=PFX142254872&imageName=4","22"
"186","https://media.propmix.io/mktlite/media/image?ListingId=PFX131972490&imageName=12","22"
"202","https://media.propmix.io/mktlite/media/image?ListingId=PFX142219682&imageName=12","22"
"212","https://media.propmix.io/mktlite/media/image?ListingId=PFX142219811&imageName=6","22"
"234","https://media.propmix.io/mktlite/media/image?ListingId=PFX153254791&imageName=13","22"
"235","https://media.propmix.io/mktlite/media/image?ListingId=PFX153254791&imageName=14","22"
"236","https://media.propmix.io/mktlite/media/image?ListingId=PFX153254791&imageName=15","22"
"247","https://media.propmix.io/mktlite/media/image?ListingId=PFX153254791&imageName=26","22"
"255","https://media.propmix.io/mktlite/media/image?ListingId=PFX142245947&imageName=4","22"
"272","https://media.propmix.io/mktlite/media/image?ListingId=PFX142151503&imageName=2","22"
"273","https://media.propmix.io/mktlite/media/image?ListingId=PFX142151503&imageName=3","22"
"284","https://media.propmix.io/mktlite/media/image?ListingId=PFX117130149&imageName=2","22"
"285","https://media.propmix.io/mktlite/media/image?ListingId=PFX117130149&imageName=3","22"
"302","https://media.propmix.io/mktlite/media/image?ListingId=PFX142193455&imageName=8","22"
"321","https://media.propmix.io/mktlite/media/image?ListingId=PFX124861816&imageName=8","22"
"338","https://media.propmix.io/mktlite/media/image?ListingId=PFX142307147&imageName=6","22"
"339","https://media.propmix.io/mktlite/media/image?ListingId=PFX142307147&imageName=7","22"
"358","https://media.propmix.io/mktlite/media/image?ListingId=PFX131664256&imageName=5","22"
"359","https://media.propmix.io/mktlite/media/image?ListingId=PFX131664256&imageName=6","22"
"366","https://media.propmix.io/mktlite/media/image?ListingId=PFX131664256&imageName=13","22"
"374","https://media.propmix.io/mktlite/media/image?ListingId=PFX142237157&imageName=5","22"
"376","https://media.propmix.io/mktlite/media/image?ListingId=PFX142237157&imageName=7","22"
"387","https://media.propmix.io/mktlite/media/image?ListingId=PFX142248913&imageName=2","22"
"390","https://media.propmix.io/mktlite/media/image?ListingId=PFX142248913&imageName=5","22"
"410","https://media.propmix.io/mktlite/media/image?ListingId=PFX142247725&imageName=8","22"
"411","https://media.propmix.io/mktlite/media/image?ListingId=PFX142247725&imageName=9","22"
"430","https://media.propmix.io/mktlite/media/image?ListingId=PFX142245335&imageName=7","22"
"453","https://media.propmix.io/mktlite/media/image?ListingId=98828866&imageName=2","22"
"465","https://media.propmix.io/mktlite/media/image?ListingId=PFX142254478&imageName=4","22"
"504","https://media.propmix.io/mktlite/media/image?ListingId=PFX142244589&imageName=8","22"
"505","https://media.propmix.io/mktlite/media/image?ListingId=PFX142244589&imageName=9","22"
"523","https://media.propmix.io/mktlite/media/image?ListingId=PFX142251712&imageName=3","22"
"524","https://media.propmix.io/mktlite/media/image?ListingId=PFX142251712&imageName=4","22"
"533","https://media.propmix.io/mktlite/media/image?ListingId=PFX142251712&imageName=13","22"
"543","https://media.propmix.io/mktlite/media/image?ListingId=PFX129372489&imageName=4","22"
"544","https://media.propmix.io/mktlite/media/image?ListingId=PFX129372489&imageName=5","22"
"545","https://media.propmix.io/mktlite/media/image?ListingId=PFX129372489&imageName=6","22"
"549","https://media.propmix.io/mktlite/media/image?ListingId=PFX129372489&imageName=10","22"
"565","https://media.propmix.io/mktlite/media/image?ListingId=PFX142220630&imageName=9","22"
"566","https://media.propmix.io/mktlite/media/image?ListingId=PFX142220630&imageName=10","22"
"591","https://media.propmix.io/mktlite/media/image?ListingId=PFX142194647&imageName=10","22"
"613","https://media.propmix.io/mktlite/media/image?ListingId=PFX142250068&imageName=6","22"
"612","https://media.propmix.io/mktlite/media/image?ListingId=PFX142250068&imageName=5","22"
"636","https://media.propmix.io/mktlite/media/image?ListingId=PFX145966164&imageName=5","22"
"638","https://media.propmix.io/mktlite/media/image?ListingId=PFX145966164&imageName=7","22"
"653","https://media.propmix.io/mktlite/media/image?ListingId=PFX126726285&imageName=7","22"
"667","https://media.propmix.io/mktlite/media/image?ListingId=PFX122523490&imageName=5","22"
"666","https://media.propmix.io/mktlite/media/image?ListingId=PFX122523490&imageName=4","22"
"685","https://media.propmix.io/mktlite/media/image?ListingId=PFX142190728&imageName=4","22"
"686","https://media.propmix.io/mktlite/media/image?ListingId=PFX142190728&imageName=5","22"
"711","https://media.propmix.io/mktlite/media/image?ListingId=PFX142249168&imageName=11","22"
"712","https://media.propmix.io/mktlite/media/image?ListingId=PFX142249168&imageName=12","22"
"713","https://media.propmix.io/mktlite/media/image?ListingId=PFX142249168&imageName=13","22"
"714","https://media.propmix.io/mktlite/media/image?ListingId=PFX142249168&imageName=14","22"
"730","https://media.propmix.io/mktlite/media/image?ListingId=PFX142249083&imageName=7","22"
"731","https://media.propmix.io/mktlite/media/image?ListingId=PFX142249083&imageName=8","22"
"744","https://media.propmix.io/mktlite/media/image?ListingId=PFX142201389&imageName=2","22"
"745","https://media.propmix.io/mktlite/media/image?ListingId=PFX142201389&imageName=3","22"
"746","https://media.propmix.io/mktlite/media/image?ListingId=PFX142201389&imageName=4","22"
"774","https://media.propmix.io/mktlite/media/image?ListingId=PFX142241981&imageName=17","22"
"776","https://media.propmix.io/mktlite/media/image?ListingId=PFX142241981&imageName=19","22"
"780","https://media.propmix.io/mktlite/media/image?ListingId=PFX142241981&imageName=23","22"
"786","https://media.propmix.io/mktlite/media/image?ListingId=PFX142241981&imageName=29","22"
"790","https://media.propmix.io/mktlite/media/image?ListingId=PFX142198419&imageName=4","22"
"791","https://media.propmix.io/mktlite/media/image?ListingId=PFX142198419&imageName=5","22"
"802","https://media.propmix.io/mktlite/media/image?ListingId=PFX129906611&imageName=4","22"
"803","https://media.propmix.io/mktlite/media/image?ListingId=PFX129906611&imageName=5","22"
"817","https://media.propmix.io/mktlite/media/image?ListingId=PFX142238901&imageName=7","22"
"818","https://media.propmix.io/mktlite/media/image?ListingId=PFX142238901&imageName=8","22"
"840","https://media.propmix.io/mktlite/media/image?ListingId=PFX148931525&imageName=11","22"
"856","https://media.propmix.io/mktlite/media/image?ListingId=PFX123169867&imageName=7","22"
"857","https://media.propmix.io/mktlite/media/image?ListingId=PFX123169867&imageName=8","22"
"876","https://media.propmix.io/mktlite/media/image?ListingId=PFX142157726&imageName=7","22"
"877","https://media.propmix.io/mktlite/media/image?ListingId=PFX142157726&imageName=8","22"
"894","https://media.propmix.io/mktlite/media/image?ListingId=PFX142245638&imageName=5","22"
"909","https://media.propmix.io/mktlite/media/image?ListingId=PFX119271998&imageName=5","22"
"910","https://media.propmix.io/mktlite/media/image?ListingId=PFX119271998&imageName=6","22"
"924","https://media.propmix.io/mktlite/media/image?ListingId=PFX142189646&imageName=5","22"
"925","https://media.propmix.io/mktlite/media/image?ListingId=PFX142189646&imageName=6","22"
"939","https://media.propmix.io/mktlite/media/image?ListingId=PFX142159968&imageName=5","22"
"961","https://media.propmix.io/mktlite/media/image?ListingId=PFX142162902&imageName=7","22"
"962","https://media.propmix.io/mktlite/media/image?ListingId=PFX142162902&imageName=8","22"
"963","https://media.propmix.io/mktlite/media/image?ListingId=PFX142162902&imageName=9","22"
"964","https://media.propmix.io/mktlite/media/image?ListingId=PFX142162902&imageName=10","22"
"980","https://media.propmix.io/mktlite/media/image?ListingId=PFX131776851&imageName=6","22"
"991","https://media.propmix.io/mktlite/media/image?ListingId=80809620&imageName=4","22"
"992","https://media.propmix.io/mktlite/media/image?ListingId=80809620&imageName=5","22"
"993","https://media.propmix.io/mktlite/media/image?ListingId=80809620&imageName=6","22"
"1048","https://media.propmix.io/mktlite/media/image?ListingId=PFX125218262&imageName=3","22"
"1062","https://media.propmix.io/mktlite/media/image?ListingId=PFX142157830&imageName=4","22"
"1075","https://media.propmix.io/mktlite/media/image?ListingId=PFX123200806&imageName=4","22"
"1088","https://media.propmix.io/mktlite/media/image?ListingId=PFX145052618&imageName=4","22"
"1089","https://media.propmix.io/mktlite/media/image?ListingId=PFX145052618&imageName=5","22"
"1094","https://media.propmix.io/mktlite/media/image?ListingId=PFX145052618&imageName=10","22"
"1102","https://media.propmix.io/mktlite/media/image?ListingId=PFX129592453&imageName=3","22"
"1109","https://media.propmix.io/mktlite/media/image?ListingId=PFX142197741&imageName=3","22"
"1116","https://media.propmix.io/mktlite/media/image?ListingId=PFX142195037&imageName=3","22"
"1124","https://media.propmix.io/mktlite/media/image?ListingId=PFX131406823&imageName=4","22"
"1125","https://media.propmix.io/mktlite/media/image?ListingId=PFX131406823&imageName=5","22"
"1143","https://media.propmix.io/mktlite/media/image?ListingId=PFX142218440&imageName=4","22"
"1144","https://media.propmix.io/mktlite/media/image?ListingId=PFX142218440&imageName=5","22"
"1165","https://media.propmix.io/mktlite/media/image?ListingId=PFX123733788&imageName=7","22"
"1180","https://media.propmix.io/mktlite/media/image?ListingId=PFX142159535&imageName=6","22"
"1181","https://media.propmix.io/mktlite/media/image?ListingId=PFX142159535&imageName=7","22"
"1198","https://media.propmix.io/mktlite/media/image?ListingId=PFX130400406&imageName=8","22"
"1199","https://media.propmix.io/mktlite/media/image?ListingId=PFX130400406&imageName=9","22"
"1200","https://media.propmix.io/mktlite/media/image?ListingId=PFX130400406&imageName=10","22"
"1201","https://media.propmix.io/mktlite/media/image?ListingId=PFX130400406&imageName=11","22"
"1222","https://media.propmix.io/mktlite/media/image?ListingId=PFX153383577&imageName=16","22"
"1223","https://media.propmix.io/mktlite/media/image?ListingId=PFX153383577&imageName=17","22"
"1225","https://media.propmix.io/mktlite/media/image?ListingId=PFX153383577&imageName=19","22"
"1243","https://media.propmix.io/mktlite/media/image?ListingId=PFX142159481&imageName=3","22"
"1244","https://media.propmix.io/mktlite/media/image?ListingId=PFX142159481&imageName=4","22"
"1266","https://media.propmix.io/mktlite/media/image?ListingId=PFX153271776&imageName=6","22"
"1289","https://media.propmix.io/mktlite/media/image?ListingId=PFX142163763&imageName=3","22"
"1295","https://media.propmix.io/mktlite/media/image?ListingId=PFX142163763&imageName=9","22"
"1304","https://media.propmix.io/mktlite/media/image?ListingId=PFX142162416&imageName=2","22"
"1319","https://media.propmix.io/mktlite/media/image?ListingId=PFX142162416&imageName=17","22"
"1322","https://media.propmix.io/mktlite/media/image?ListingId=PFX142199367&imageName=2","22"
"1323","https://media.propmix.io/mktlite/media/image?ListingId=PFX142199367&imageName=3","22"
"1324","https://media.propmix.io/mktlite/media/image?ListingId=PFX142199367&imageName=4","22"
"1339","https://media.propmix.io/mktlite/media/image?ListingId=PFX142162750&imageName=4","22"
"1361","https://media.propmix.io/mktlite/media/image?ListingId=PFX142220528&imageName=8","22"
"1371","https://media.propmix.io/mktlite/media/image?ListingId=PFX142483168&imageName=3","22"
"1372","https://media.propmix.io/mktlite/media/image?ListingId=PFX142483168&imageName=4","22"
"1373","https://media.propmix.io/mktlite/media/image?ListingId=PFX142483168&imageName=5","22"
"1374","https://media.propmix.io/mktlite/media/image?ListingId=PFX142483168&imageName=6","22"
"1375","https://media.propmix.io/mktlite/media/image?ListingId=PFX142483168&imageName=7","22"
"1376","https://media.propmix.io/mktlite/media/image?ListingId=PFX142483168&imageName=8","22"
"1377","https://media.propmix.io/mktlite/media/image?ListingId=PFX142483168&imageName=9","22"
"1407","https://media.propmix.io/mktlite/media/image?ListingId=PFX142214745&imageName=7","22"
"1408","https://media.propmix.io/mktlite/media/image?ListingId=PFX142214745&imageName=8","22"
"1409","https://media.propmix.io/mktlite/media/image?ListingId=PFX142214745&imageName=9","22"
"1410","https://media.propmix.io/mktlite/media/image?ListingId=PFX142214745&imageName=10","22"
"1421","https://media.propmix.io/mktlite/media/image?ListingId=PFX142218499&imageName=3","22"
"1445","https://media.propmix.io/mktlite/media/image?ListingId=PFX142220658&imageName=7","22"
"1446","https://media.propmix.io/mktlite/media/image?ListingId=PFX142220658&imageName=8","22"
"1447","https://media.propmix.io/mktlite/media/image?ListingId=PFX142220658&imageName=9","22"
"1448","https://media.propmix.io/mktlite/media/image?ListingId=PFX142220658&imageName=10","22"
"1471","https://media.propmix.io/mktlite/media/image?ListingId=PFX142240446&imageName=4","22"
"1472","https://media.propmix.io/mktlite/media/image?ListingId=PFX142240446&imageName=5","22"
"1473","https://media.propmix.io/mktlite/media/image?ListingId=PFX142240446&imageName=6","22"
"1481","https://media.propmix.io/mktlite/media/image?ListingId=PFX142240446&imageName=14","22"
"1490","https://media.propmix.io/mktlite/media/image?ListingId=PFX131971166&imageName=4","22"
"1491","https://media.propmix.io/mktlite/media/image?ListingId=PFX131971166&imageName=5","22"
"1492","https://media.propmix.io/mktlite/media/image?ListingId=PFX131971166&imageName=6","22"
"1500","https://media.propmix.io/mktlite/media/image?ListingId=PFX131971166&imageName=14","22"
"1513","https://media.propmix.io/mktlite/media/image?ListingId=PFX142191234&imageName=8","22"
"1514","https://media.propmix.io/mktlite/media/image?ListingId=PFX142191234&imageName=9","22"
"1522","https://media.propmix.io/mktlite/media/image?ListingId=PFX142191234&imageName=17","22"
"1527","https://media.propmix.io/mktlite/media/image?ListingId=PFX127522341&imageName=2","22"
"1546","https://media.propmix.io/mktlite/media/image?ListingId=PFX142163309&imageName=2","22"
"1579","https://media.propmix.io/mktlite/media/image?ListingId=PFX144978403&imageName=16","22"
"1578","https://media.propmix.io/mktlite/media/image?ListingId=PFX144978403&imageName=15","22"
"1580","https://media.propmix.io/mktlite/media/image?ListingId=PFX144978403&imageName=17","22"
"1584","https://media.propmix.io/mktlite/media/image?ListingId=PFX144978403&imageName=21","22"
"1603","https://media.propmix.io/mktlite/media/image?ListingId=PFX127454863&imageName=13","22"
"1609","https://media.propmix.io/mktlite/media/image?ListingId=PFX142159884&imageName=6","22"
"1623","https://media.propmix.io/mktlite/media/image?ListingId=PFX153991031&imageName=6","22"
"1632","https://media.propmix.io/mktlite/media/image?ListingId=PFX142236502&imageName=1","22"
"1633","https://media.propmix.io/mktlite/media/image?ListingId=PFX142236502&imageName=2","22"
"1634","https://media.propmix.io/mktlite/media/image?ListingId=PFX142236502&imageName=3","22"
"1635","https://media.propmix.io/mktlite/media/image?ListingId=PFX142236502&imageName=4","22"
"1652","https://media.propmix.io/mktlite/media/image?ListingId=PFX130359090&imageName=1","22"
"1653","https://media.propmix.io/mktlite/media/image?ListingId=PFX130359090&imageName=2","22"
"1655","https://media.propmix.io/mktlite/media/image?ListingId=PFX130359090&imageName=4","22"
"1654","https://media.propmix.io/mktlite/media/image?ListingId=PFX130359090&imageName=3","22"
"1679","https://media.propmix.io/mktlite/media/image?ListingId=PFX131630946&imageName=8","22"
"1678","https://media.propmix.io/mktlite/media/image?ListingId=PFX131630946&imageName=7","22"
"1721","https://media.propmix.io/mktlite/media/image?ListingId=121822251&imageName=7","22"
"1744","https://media.propmix.io/mktlite/media/image?ListingId=PFX142273472&imageName=6","22"
"1803","https://media.propmix.io/mktlite/media/image?ListingId=88432440&imageName=2","22"
"1804","https://media.propmix.io/mktlite/media/image?ListingId=88432440&imageName=3","22"
"1811","https://media.propmix.io/mktlite/media/image?ListingId=88432440&imageName=10","22"
"1812","https://media.propmix.io/mktlite/media/image?ListingId=88432440&imageName=11","22"
"1821","https://media.propmix.io/mktlite/media/image?ListingId=PFX129754137&imageName=3","22"
"1828","https://media.propmix.io/mktlite/media/image?ListingId=PFX142259072&imageName=2","22"
"1836","https://media.propmix.io/mktlite/media/image?ListingId=PFX129752330&imageName=3","22"
"1841","https://media.propmix.io/mktlite/media/image?ListingId=PFX142202744&imageName=2","22"
"1842","https://media.propmix.io/mktlite/media/image?ListingId=PFX142202744&imageName=3","22"
"1849","https://media.propmix.io/mktlite/media/image?ListingId=PFX142202744&imageName=10","22"
"1850","https://media.propmix.io/mktlite/media/image?ListingId=PFX142202744&imageName=11","22"
"1857","https://media.propmix.io/mktlite/media/image?ListingId=PFX142271183&imageName=2","22"
"1874","https://media.propmix.io/mktlite/media/image?ListingId=PFX149038934&imageName=2","22"
"1875","https://media.propmix.io/mktlite/media/image?ListingId=PFX149038934&imageName=3","22"
"1901","https://media.propmix.io/mktlite/media/image?ListingId=PFX129226775&imageName=4","22"
"1911","https://media.propmix.io/mktlite/media/image?ListingId=PFX116346661&imageName=5","22"
"1923","https://media.propmix.io/mktlite/media/image?ListingId=PFX142271201&imageName=3","22"
"1924","https://media.propmix.io/mktlite/media/image?ListingId=PFX142271201&imageName=4","22"
"1939","https://media.propmix.io/mktlite/media/image?ListingId=118616982&imageName=6","22"
"1942","https://media.propmix.io/mktlite/media/image?ListingId=PFX142271235&imageName=1","22"
"1955","https://media.propmix.io/mktlite/media/image?ListingId=PFX149270786&imageName=3","22"
"1964","https://media.propmix.io/mktlite/media/image?ListingId=119776459&imageName=3","22"
"1974","https://media.propmix.io/mktlite/media/image?ListingId=PFX149587558&imageName=2","22"
"1989","https://media.propmix.io/mktlite/media/image?ListingId=119926423&imageName=3","22"
"1997","https://media.propmix.io/mktlite/media/image?ListingId=PFX142272423&imageName=2","22"
"2015","https://media.propmix.io/mktlite/media/image?ListingId=PFX148826660&imageName=4","22"
"2021","https://media.propmix.io/mktlite/media/image?ListingId=PFX153219368&imageName=3","22"
"2031","https://media.propmix.io/mktlite/media/image?ListingId=PFX145742532&imageName=2","22"
"2068","https://media.propmix.io/mktlite/media/image?ListingId=PFX142271589&imageName=2","22"
"2083","https://media.propmix.io/mktlite/media/image?ListingId=119775696&imageName=3","22"
"2088","https://media.propmix.io/mktlite/media/image?ListingId=119775696&imageName=8","22"
"2090","https://media.propmix.io/mktlite/media/image?ListingId=PFX153284408&imageName=1","22"
"2091","https://media.propmix.io/mktlite/media/image?ListingId=PFX153284408&imageName=2","22"
"2293","https://media.propmix.io/mktlite/media/image?ListingId=PFX116862337&imageName=3","22"
"2307","https://media.propmix.io/mktlite/media/image?ListingId=PFX116862337&imageName=17","22"
"2323","https://media.propmix.io/mktlite/media/image?ListingId=PFX142271181&imageName=4","22"
"2324","https://media.propmix.io/mktlite/media/image?ListingId=PFX142271181&imageName=5","22"
"2339","https://media.propmix.io/mktlite/media/image?ListingId=PFX142271181&imageName=20","22"
"2340","https://media.propmix.io/mktlite/media/image?ListingId=PFX142271181&imageName=21","22"
"2354","https://media.propmix.io/mktlite/media/image?ListingId=PFX142308174&imageName=3","22"
"2363","https://media.propmix.io/mktlite/media/image?ListingId=PFX116821738&imageName=6","22"
"2367","https://media.propmix.io/mktlite/media/image?ListingId=PFX148412734&imageName=4","22"
"2368","https://media.propmix.io/mktlite/media/image?ListingId=PFX148412734&imageName=5","22"
"2369","https://media.propmix.io/mktlite/media/image?ListingId=PFX148412734&imageName=6","22"
"2383","https://media.propmix.io/mktlite/media/image?ListingId=PFX142270954&imageName=6","22"
"2390","https://media.propmix.io/mktlite/media/image?ListingId=63231761&imageName=5","22"
"2404","https://media.propmix.io/mktlite/media/image?ListingId=PFX151558075&imageName=3","22"
"2421","https://media.propmix.io/mktlite/media/image?ListingId=PFX142307978&imageName=2","22"
"2435","https://media.propmix.io/mktlite/media/image?ListingId=PFX147127456&imageName=3","22"
"2449","https://media.propmix.io/mktlite/media/image?ListingId=119007363&imageName=4","22"
"2451","https://media.propmix.io/mktlite/media/image?ListingId=119007363&imageName=6","22"
"2475","https://media.propmix.io/mktlite/media/image?ListingId=PFX142205327&imageName=16","22"
"2488","https://media.propmix.io/mktlite/media/image?ListingId=PFX142271074&imageName=1","22"
"2503","https://media.propmix.io/mktlite/media/image?ListingId=PFX142271075&imageName=4","22"
"2512","https://media.propmix.io/mktlite/media/image?ListingId=PFX142252425&imageName=5","22"
"2513","https://media.propmix.io/mktlite/media/image?ListingId=PFX142252425&imageName=6","22"
"2515","https://media.propmix.io/mktlite/media/image?ListingId=PFX142252425&imageName=8","22"
"2531","https://media.propmix.io/mktlite/media/image?ListingId=PFX142202409&imageName=5","22"
"2541","https://media.propmix.io/mktlite/media/image?ListingId=PFX142270828&imageName=5","22"
"2547","https://media.propmix.io/mktlite/media/image?ListingId=119710454&imageName=3","22"
"2558","https://media.propmix.io/mktlite/media/image?ListingId=PFX130483088&imageName=4","22"
"2572","https://media.propmix.io/mktlite/media/image?ListingId=121813065&imageName=3","22"
"2580","https://media.propmix.io/mktlite/media/image?ListingId=121813065&imageName=11","22"
"2595","https://media.propmix.io/mktlite/media/image?ListingId=104620032&imageName=4","22"
"2604","https://media.propmix.io/mktlite/media/image?ListingId=88438017&imageName=3","22"
"2610","https://media.propmix.io/mktlite/media/image?ListingId=PFX142261749&imageName=2","22"
"2627","https://media.propmix.io/mktlite/media/image?ListingId=PFX131643578&imageName=2","22"
"2636","https://media.propmix.io/mktlite/media/image?ListingId=PFX131647073&imageName=1","22"
"2637","https://media.propmix.io/mktlite/media/image?ListingId=PFX131647073&imageName=2","22"
"2648","https://media.propmix.io/mktlite/media/image?ListingId=119560997&imageName=1","22"
"2651","https://media.propmix.io/mktlite/media/image?ListingId=119560997&imageName=4","22"
"2664","https://media.propmix.io/mktlite/media/image?ListingId=118094095&imageName=11","22"
"2665","https://media.propmix.io/mktlite/media/image?ListingId=118094095&imageName=12","22"
"2677","https://media.propmix.io/mktlite/media/image?ListingId=PFX142262508&imageName=2","22"
"2688","https://media.propmix.io/mktlite/media/image?ListingId=PFX142262508&imageName=13","22"
"2708","https://media.propmix.io/mktlite/media/image?ListingId=PFX119232379&imageName=11","22"
"2709","https://media.propmix.io/mktlite/media/image?ListingId=PFX119232379&imageName=12","22"
"2743","https://media.propmix.io/mktlite/media/image?ListingId=PFX153583836&imageName=3","22"
"2745","https://media.propmix.io/mktlite/media/image?ListingId=PFX153583836&imageName=5","22"
"2757","https://media.propmix.io/mktlite/media/image?ListingId=PFX125900218&imageName=6","22"
"2781","https://media.propmix.io/mktlite/media/image?ListingId=PFX130533063&imageName=2","22"
"2787","https://media.propmix.io/mktlite/media/image?ListingId=PFX129883752&imageName=2","22"
"2797","https://media.propmix.io/mktlite/media/image?ListingId=PFX131561916&imageName=3","22"
"2837","https://media.propmix.io/mktlite/media/image?ListingId=PFX130334327&imageName=6","22"
"2868","https://media.propmix.io/mktlite/media/image?ListingId=PFX142261227&imageName=4","22"
"2879","https://media.propmix.io/mktlite/media/image?ListingId=PFX131230914&imageName=1","22"
"2933","https://media.propmix.io/mktlite/media/image?ListingId=PFX130347797&imageName=6","22"
"2956","https://media.propmix.io/mktlite/media/image?ListingId=PFX142259654&imageName=1","22"
"2992","https://media.propmix.io/mktlite/media/image?ListingId=PFX153526713&imageName=3","22"
"2991","https://media.propmix.io/mktlite/media/image?ListingId=PFX153526713&imageName=2","22"
"3013","https://media.propmix.io/mktlite/media/image?ListingId=PFX153561001&imageName=9","22"
"3037","https://media.propmix.io/mktlite/media/image?ListingId=PFX130480428&imageName=5","22"
"3072","https://media.propmix.io/mktlite/media/image?ListingId=PFX148873885&imageName=3","22"
"3086","https://media.propmix.io/mktlite/media/image?ListingId=PFX148873885&imageName=17","22"
"3087","https://media.propmix.io/mktlite/media/image?ListingId=PFX148873885&imageName=18","22"
"3106","https://media.propmix.io/mktlite/media/image?ListingId=PFX131680525&imageName=1","22"
"3107","https://media.propmix.io/mktlite/media/image?ListingId=PFX131680525&imageName=2","22"
"3111","https://media.propmix.io/mktlite/media/image?ListingId=PFX131680525&imageName=6","22"
"3114","https://media.propmix.io/mktlite/media/image?ListingId=PFX142261224&imageName=1","22"
"3127","https://media.propmix.io/mktlite/media/image?ListingId=PFX129436486&imageName=7","22"
"3151","https://media.propmix.io/mktlite/media/image?ListingId=PFX129436487&imageName=5","22"
"3227","https://media.propmix.io/mktlite/media/image?ListingId=PFX142261922&imageName=7","22"
"3245","https://media.propmix.io/mktlite/media/image?ListingId=PFX131689114&imageName=6","22"
"3258","https://media.propmix.io/mktlite/media/image?ListingId=PFX142270870&imageName=9","22"
"3260","https://media.propmix.io/mktlite/media/image?ListingId=PFX131476890&imageName=2","22"
"3266","https://media.propmix.io/mktlite/media/image?ListingId=PFX54615406&imageName=2","22"
"3278","https://media.propmix.io/mktlite/media/image?ListingId=PFX130456599&imageName=5","22"
"3287","https://media.propmix.io/mktlite/media/image?ListingId=PFX153932138&imageName=2","22"
"3311","https://media.propmix.io/mktlite/media/image?ListingId=PFX142258609&imageName=6","22"
"3364","https://media.propmix.io/mktlite/media/image?ListingId=PFX148980249&imageName=2","22"
"3374","https://media.propmix.io/mktlite/media/image?ListingId=PFX129532396&imageName=5","22"
"3375","https://media.propmix.io/mktlite/media/image?ListingId=PFX129532396&imageName=6","22"
"3385","https://media.propmix.io/mktlite/media/image?ListingId=PFX129567277&imageName=4","22"
"3386","https://media.propmix.io/mktlite/media/image?ListingId=PFX129567277&imageName=5","22"
"3395","https://media.propmix.io/mktlite/media/image?ListingId=119455839&imageName=2","22"
"3404","https://media.propmix.io/mktlite/media/image?ListingId=PFX142258794&imageName=4","22"
"3403","https://media.propmix.io/mktlite/media/image?ListingId=PFX142258794&imageName=3","22"
"3414","https://media.propmix.io/mktlite/media/image?ListingId=PFX148412623&imageName=3","22"
"3425","https://media.propmix.io/mktlite/media/image?ListingId=119590482&imageName=2","22"
"3465","https://media.propmix.io/mktlite/media/image?ListingId=PFX129674514&imageName=5","22"
"3551","https://media.propmix.io/mktlite/media/image?ListingId=PFX153170644&imageName=3","22"
"3561","https://media.propmix.io/mktlite/media/image?ListingId=PFX126523342&imageName=3","22"
"3571","https://media.propmix.io/mktlite/media/image?ListingId=PFX129372463&imageName=3","22"
"3596","https://media.propmix.io/mktlite/media/image?ListingId=PFX142270974&imageName=15","22"
"3629","https://media.propmix.io/mktlite/media/image?ListingId=116271055&imageName=18","22"
"3641","https://media.propmix.io/mktlite/media/image?ListingId=116271055&imageName=30","22"
"3668","https://media.propmix.io/mktlite/media/image?ListingId=PFX148827356&imageName=2","22"
"3669","https://media.propmix.io/mktlite/media/image?ListingId=PFX148827356&imageName=3","22"
"3683","https://media.propmix.io/mktlite/media/image?ListingId=PFX131712195&imageName=1","22"
"3690","https://media.propmix.io/mktlite/media/image?ListingId=PFX131712195&imageName=8","22"
"3731","https://media.propmix.io/mktlite/media/image?ListingId=PFX130534693&imageName=4","22"
"3762","https://media.propmix.io/mktlite/media/image?ListingId=PFX130343567&imageName=2","22"
"3781","https://media.propmix.io/mktlite/media/image?ListingId=120164678&imageName=1","22"
"3818","https://media.propmix.io/mktlite/media/image?ListingId=PFX131354474&imageName=1","22"
"3819","https://media.propmix.io/mktlite/media/image?ListingId=PFX131354474&imageName=2","22"
"3849","https://media.propmix.io/mktlite/media/image?ListingId=PFX123357753&imageName=3","22"
"3856","https://media.propmix.io/mktlite/media/image?ListingId=PFX142208535&imageName=3","22"
"3905","https://media.propmix.io/mktlite/media/image?ListingId=PFX118813892&imageName=11","22"
"3922","https://media.propmix.io/mktlite/media/image?ListingId=PFX129386787&imageName=4","22"
"3935","https://media.propmix.io/mktlite/media/image?ListingId=PFX142270486&imageName=3","22"
"3959","https://media.propmix.io/mktlite/media/image?ListingId=PFX153901761&imageName=2","22"
"3996","https://media.propmix.io/mktlite/media/image?ListingId=PFX142257920&imageName=1","22"
"4016","https://media.propmix.io/mktlite/media/image?ListingId=112100596&imageName=4","22"
"4033","https://media.propmix.io/mktlite/media/image?ListingId=PFX123717296&imageName=4","22"
"4043","https://media.propmix.io/mktlite/media/image?ListingId=116934751&imageName=2","22"
"4051","https://media.propmix.io/mktlite/media/image?ListingId=PFX129598627&imageName=4","22"
"4063","https://media.propmix.io/mktlite/media/image?ListingId=70845193&imageName=3","22"
"4086","https://media.propmix.io/mktlite/media/image?ListingId=PFX131826062&imageName=4","22"
"4102","https://media.propmix.io/mktlite/media/image?ListingId=PFX142273131&imageName=5","22"
"4125","https://media.propmix.io/mktlite/media/image?ListingId=PFX142258875&imageName=3","22"
"4138","https://media.propmix.io/mktlite/media/image?ListingId=PFX142270640&imageName=2","22"
"4149","https://media.propmix.io/mktlite/media/image?ListingId=PFX133577125&imageName=3","22"
"4159","https://media.propmix.io/mktlite/media/image?ListingId=82900485&imageName=7","22"
"4168","https://media.propmix.io/mktlite/media/image?ListingId=82900485&imageName=16","22"
"4185","https://media.propmix.io/mktlite/media/image?ListingId=PFX125900353&imageName=5","22"
"4197","https://media.propmix.io/mktlite/media/image?ListingId=PFX142223352&imageName=7","22"
"4206","https://media.propmix.io/mktlite/media/image?ListingId=PFX142223352&imageName=16","22"
"4211","https://media.propmix.io/mktlite/media/image?ListingId=PFX131334410&imageName=3","22"
"4217","https://media.propmix.io/mktlite/media/image?ListingId=PFX131334411&imageName=2","22"
"4225","https://media.propmix.io/mktlite/media/image?ListingId=PFX131334412&imageName=3","22"
"4236","https://media.propmix.io/mktlite/media/image?ListingId=PFX142260014&imageName=4","22"
"4243","https://media.propmix.io/mktlite/media/image?ListingId=PFX142260014&imageName=11","22"
"4269","https://media.propmix.io/mktlite/media/image?ListingId=PFX142271524&imageName=1","22"
"4284","https://media.propmix.io/mktlite/media/image?ListingId=PFX130516555&imageName=8","22"
"4283","https://media.propmix.io/mktlite/media/image?ListingId=PFX130516555&imageName=7","22"
"4285","https://media.propmix.io/mktlite/media/image?ListingId=PFX130516555&imageName=9","22"
"4290","https://media.propmix.io/mktlite/media/image?ListingId=PFX130516555&imageName=14","22"
"4303","https://media.propmix.io/mktlite/media/image?ListingId=PFX142199255&imageName=8","22"
"4302","https://media.propmix.io/mktlite/media/image?ListingId=PFX142199255&imageName=7","22"
"4304","https://media.propmix.io/mktlite/media/image?ListingId=PFX142199255&imageName=9","22"
"4309","https://media.propmix.io/mktlite/media/image?ListingId=PFX142199255&imageName=14","22"
"4354","https://media.propmix.io/mktlite/media/image?ListingId=PFX142201340&imageName=8","22"
"4394","https://media.propmix.io/mktlite/media/image?ListingId=PFX142159955&imageName=7","22"
"4409","https://media.propmix.io/mktlite/media/image?ListingId=PFX124194898&imageName=7","22"
"4408","https://media.propmix.io/mktlite/media/image?ListingId=PFX124194898&imageName=6","22"
"4421","https://media.propmix.io/mktlite/media/image?ListingId=PFX142191301&imageName=4","22"
"4420","https://media.propmix.io/mktlite/media/image?ListingId=PFX142191301&imageName=3","22"
"4422","https://media.propmix.io/mktlite/media/image?ListingId=PFX142191301&imageName=5","22"
"4431","https://media.propmix.io/mktlite/media/image?ListingId=PFX122983599&imageName=3","22"
"4432","https://media.propmix.io/mktlite/media/image?ListingId=PFX122983599&imageName=4","22"
"4433","https://media.propmix.io/mktlite/media/image?ListingId=PFX122983599&imageName=5","22"
"4446","https://media.propmix.io/mktlite/media/image?ListingId=PFX154205077&imageName=7","22"
"4447","https://media.propmix.io/mktlite/media/image?ListingId=PFX154205077&imageName=8","22"
"4448","https://media.propmix.io/mktlite/media/image?ListingId=PFX154205077&imageName=9","22"
"4472","https://media.propmix.io/mktlite/media/image?ListingId=PFX131937820&imageName=2","22"
"4494","https://media.propmix.io/mktlite/media/image?ListingId=PFX142161949&imageName=4","22"
"4503","https://media.propmix.io/mktlite/media/image?ListingId=PFX125342128&imageName=4","22"
"4525","https://media.propmix.io/mktlite/media/image?ListingId=PFX149017623&imageName=17","22"
"4526","https://media.propmix.io/mktlite/media/image?ListingId=PFX149017623&imageName=18","22"
"4527","https://media.propmix.io/mktlite/media/image?ListingId=PFX149017623&imageName=19","22"
"4545","https://media.propmix.io/mktlite/media/image?ListingId=PFX142163903&imageName=5","22"
"4556","https://media.propmix.io/mktlite/media/image?ListingId=PFX129835961&imageName=8","22"
"4574","https://media.propmix.io/mktlite/media/image?ListingId=PFX142242566&imageName=6","22"
"4577","https://media.propmix.io/mktlite/media/image?ListingId=PFX142242566&imageName=9","22"
"4576","https://media.propmix.io/mktlite/media/image?ListingId=PFX142242566&imageName=8","22"
"4591","https://media.propmix.io/mktlite/media/image?ListingId=PFX142242566&imageName=23","22"
"4597","https://media.propmix.io/mktlite/media/image?ListingId=PFX142159562&imageName=4","22"
"4604","https://media.propmix.io/mktlite/media/image?ListingId=PFX142161959&imageName=3","22"
"4603","https://media.propmix.io/mktlite/media/image?ListingId=PFX142161959&imageName=2","22"
"4620","https://media.propmix.io/mktlite/media/image?ListingId=PFX142161959&imageName=19","22"
"4623","https://media.propmix.io/mktlite/media/image?ListingId=PFX125344870&imageName=2","22"
"4624","https://media.propmix.io/mktlite/media/image?ListingId=PFX125344870&imageName=3","22"
"4640","https://media.propmix.io/mktlite/media/image?ListingId=PFX125344870&imageName=19","22"
"4643","https://media.propmix.io/mktlite/media/image?ListingId=PFX130404342&imageName=2","22"
"4655","https://media.propmix.io/mktlite/media/image?ListingId=PFX142198934&imageName=2","22"
"4676","https://media.propmix.io/mktlite/media/image?ListingId=PFX142160472&imageName=11","22"
"4678","https://media.propmix.io/mktlite/media/image?ListingId=PFX142160472&imageName=13","22"
"4677","https://media.propmix.io/mktlite/media/image?ListingId=PFX142160472&imageName=12","22"
"4696","https://media.propmix.io/mktlite/media/image?ListingId=PFX124835227&imageName=11","22"
"4697","https://media.propmix.io/mktlite/media/image?ListingId=PFX124835227&imageName=12","22"
"4698","https://media.propmix.io/mktlite/media/image?ListingId=PFX124835227&imageName=13","22"
"4708","https://media.propmix.io/mktlite/media/image?ListingId=PFX142195203&imageName=3","22"
"4714","https://media.propmix.io/mktlite/media/image?ListingId=PFX142195203&imageName=9","22"
"4730","https://media.propmix.io/mktlite/media/image?ListingId=PFX142162389&imageName=5","22"
"4736","https://media.propmix.io/mktlite/media/image?ListingId=PFX130338375&imageName=4","22"
"4755","https://media.propmix.io/mktlite/media/image?ListingId=PFX142629472&imageName=7","22"
"4754","https://media.propmix.io/mktlite/media/image?ListingId=PFX142629472&imageName=6","22"
"4788","https://media.propmix.io/mktlite/media/image?ListingId=PFX142241919&imageName=17","22"
"4802","https://media.propmix.io/mktlite/media/image?ListingId=PFX142157565&imageName=4","22"
"4804","https://media.propmix.io/mktlite/media/image?ListingId=PFX142157565&imageName=6","22"
"4803","https://media.propmix.io/mktlite/media/image?ListingId=PFX142157565&imageName=5","22"
"4823","https://media.propmix.io/mktlite/media/image?ListingId=PFX123126658&imageName=5","22"
"4822","https://media.propmix.io/mktlite/media/image?ListingId=PFX123126658&imageName=4","22"
"4824","https://media.propmix.io/mktlite/media/image?ListingId=PFX123126658&imageName=6","22"
"4844","https://media.propmix.io/mktlite/media/image?ListingId=PFX142162982&imageName=6","22"
"4855","https://media.propmix.io/mktlite/media/image?ListingId=PFX129842606&imageName=3","22"
"4854","https://media.propmix.io/mktlite/media/image?ListingId=PFX129842606&imageName=2","22"
"4862","https://media.propmix.io/mktlite/media/image?ListingId=PFX129842606&imageName=10","22"
"4876","https://media.propmix.io/mktlite/media/image?ListingId=PFX142161327&imageName=8","22"
"4877","https://media.propmix.io/mktlite/media/image?ListingId=PFX142161327&imageName=9","22"
"4898","https://media.propmix.io/mktlite/media/image?ListingId=PFX142155961&imageName=3","22"
"4913","https://media.propmix.io/mktlite/media/image?ListingId=PFX142221104&imageName=7","22"
"4914","https://media.propmix.io/mktlite/media/image?ListingId=PFX142221104&imageName=8","22"
"4929","https://media.propmix.io/mktlite/media/image?ListingId=PFX142201147&imageName=3","22"
"4971","https://media.propmix.io/mktlite/media/image?ListingId=PFX142162744&imageName=3","22"
"4972","https://media.propmix.io/mktlite/media/image?ListingId=PFX142162744&imageName=4","22"
"4973","https://media.propmix.io/mktlite/media/image?ListingId=PFX142162744&imageName=5","22"
"4987","https://media.propmix.io/mktlite/media/image?ListingId=PFX126523441&imageName=3","22"
"4988","https://media.propmix.io/mktlite/media/image?ListingId=PFX126523441&imageName=4","22"
"4989","https://media.propmix.io/mktlite/media/image?ListingId=PFX126523441&imageName=5","22"
"5009","https://media.propmix.io/mktlite/media/image?ListingId=PFX116853275&imageName=3","22"
"5022","https://media.propmix.io/mktlite/media/image?ListingId=PFX142150761&imageName=3","22"
"5041","https://media.propmix.io/mktlite/media/image?ListingId=PFX142158876&imageName=9","22"
"5059","https://media.propmix.io/mktlite/media/image?ListingId=PFX123478263&imageName=8","22"
"5060","https://media.propmix.io/mktlite/media/image?ListingId=PFX123478263&imageName=9","22"
"5081","https://media.propmix.io/mktlite/media/image?ListingId=PFX142247176&imageName=11","22"
"5082","https://media.propmix.io/mktlite/media/image?ListingId=PFX142247176&imageName=12","22"
"5098","https://media.propmix.io/mktlite/media/image?ListingId=PFX115542074&imageName=3","22"
"5106","https://media.propmix.io/mktlite/media/image?ListingId=PFX141819206&imageName=3","22"
"5115","https://media.propmix.io/mktlite/media/image?ListingId=PFX142190707&imageName=4","22"
"5116","https://media.propmix.io/mktlite/media/image?ListingId=PFX142190707&imageName=5","22"
"5133","https://media.propmix.io/mktlite/media/image?ListingId=PFX142216847&imageName=3","22"
"5134","https://media.propmix.io/mktlite/media/image?ListingId=PFX142216847&imageName=4","22"
"5152","https://media.propmix.io/mktlite/media/image?ListingId=PFX142159107&imageName=4","22"
"5151","https://media.propmix.io/mktlite/media/image?ListingId=PFX142159107&imageName=3","22"
"5162","https://media.propmix.io/mktlite/media/image?ListingId=PFX123540209&imageName=3","22"
"5163","https://media.propmix.io/mktlite/media/image?ListingId=PFX123540209&imageName=4","22"
"5175","https://media.propmix.io/mktlite/media/image?ListingId=PFX142243906&imageName=5","22"
"5191","https://media.propmix.io/mktlite/media/image?ListingId=PFX142197477&imageName=5","22"
"5190","https://media.propmix.io/mktlite/media/image?ListingId=PFX142197477&imageName=4","22"
"5203","https://media.propmix.io/mktlite/media/image?ListingId=PFX148500429&imageName=7","22"
"5205","https://media.propmix.io/mktlite/media/image?ListingId=PFX148500429&imageName=9","22"
"5204","https://media.propmix.io/mktlite/media/image?ListingId=PFX148500429&imageName=8","22"
"5218","https://media.propmix.io/mktlite/media/image?ListingId=PFX142164228&imageName=2","22"
"5251","https://media.propmix.io/mktlite/media/image?ListingId=PFX142162273&imageName=3","22"
"5252","https://media.propmix.io/mktlite/media/image?ListingId=PFX142162273&imageName=4","22"
"5272","https://media.propmix.io/mktlite/media/image?ListingId=PFX126928060&imageName=6","22"
"5334","https://media.propmix.io/mktlite/media/image?ListingId=87727454&imageName=7","22"
"5335","https://media.propmix.io/mktlite/media/image?ListingId=87727454&imageName=8","22"
"5358","https://media.propmix.io/mktlite/media/image?ListingId=108924763&imageName=6","22"
"5359","https://media.propmix.io/mktlite/media/image?ListingId=108924763&imageName=7","22"
"5379","https://media.propmix.io/mktlite/media/image?ListingId=89430807&imageName=7","22"
"5380","https://media.propmix.io/mktlite/media/image?ListingId=89430807&imageName=8","22"
"5402","https://media.propmix.io/mktlite/media/image?ListingId=96563781&imageName=9","22"
"5407","https://media.propmix.io/mktlite/media/image?ListingId=96563781&imageName=14","22"
"5408","https://media.propmix.io/mktlite/media/image?ListingId=96563781&imageName=15","22"
"5447","https://media.propmix.io/mktlite/media/image?ListingId=86888711&imageName=8","22"
"5456","https://media.propmix.io/mktlite/media/image?ListingId=PFX140565494&imageName=6","22"
"5457","https://media.propmix.io/mktlite/media/image?ListingId=PFX140565494&imageName=7","22"
"5473","https://media.propmix.io/mktlite/media/image?ListingId=98794423&imageName=6","22"
"5474","https://media.propmix.io/mktlite/media/image?ListingId=98794423&imageName=7","22"
"5476","https://media.propmix.io/mktlite/media/image?ListingId=98794423&imageName=9","22"
"5477","https://media.propmix.io/mktlite/media/image?ListingId=98794423&imageName=10","22"
"5475","https://media.propmix.io/mktlite/media/image?ListingId=98794423&imageName=8","22"
"5525","https://media.propmix.io/mktlite/media/image?ListingId=90906913&imageName=20","22"
"5526","https://media.propmix.io/mktlite/media/image?ListingId=90906913&imageName=21","22"
"5527","https://media.propmix.io/mktlite/media/image?ListingId=90906913&imageName=22","22"
"5528","https://media.propmix.io/mktlite/media/image?ListingId=90906913&imageName=23","22"
"5562","https://media.propmix.io/mktlite/media/image?ListingId=PFX148827256&imageName=7","22"
"5575","https://media.propmix.io/mktlite/media/image?ListingId=PFX142783060&imageName=11","22"
"5596","https://media.propmix.io/mktlite/media/image?ListingId=PFX142783060&imageName=32","22"
"5597","https://media.propmix.io/mktlite/media/image?ListingId=PFX142783060&imageName=33","22"
"5640","https://media.propmix.io/mktlite/media/image?ListingId=PFX155472819&imageName=35","22"
"5641","https://media.propmix.io/mktlite/media/image?ListingId=PFX155472819&imageName=36","22"
"5642","https://media.propmix.io/mktlite/media/image?ListingId=PFX155472819&imageName=37","22"
"5643","https://media.propmix.io/mktlite/media/image?ListingId=PFX155472819&imageName=38","22"
"5657","https://media.propmix.io/mktlite/media/image?ListingId=81869741&imageName=6","22"
"5658","https://media.propmix.io/mktlite/media/image?ListingId=81869741&imageName=7","22"
"5660","https://media.propmix.io/mktlite/media/image?ListingId=81869741&imageName=9","22"
"5702","https://media.propmix.io/mktlite/media/image?ListingId=PFX141669776&imageName=10","22"
"5727","https://media.propmix.io/mktlite/media/image?ListingId=PFX141662033&imageName=13","22"
"5749","https://media.propmix.io/mktlite/media/image?ListingId=PFX141662704&imageName=7","22"
"5750","https://media.propmix.io/mktlite/media/image?ListingId=PFX141662704&imageName=8","22"
"5771","https://media.propmix.io/mktlite/media/image?ListingId=PFX141711426&imageName=11","22"
"5772","https://media.propmix.io/mktlite/media/image?ListingId=PFX141711426&imageName=12","22"
"5781","https://media.propmix.io/mktlite/media/image?ListingId=PFX141711426&imageName=21","22"
"5788","https://media.propmix.io/mktlite/media/image?ListingId=PFX141679195&imageName=6","22"
"5789","https://media.propmix.io/mktlite/media/image?ListingId=PFX141679195&imageName=7","22"
"5803","https://media.propmix.io/mktlite/media/image?ListingId=PFX141663133&imageName=6","22"
