"4","https://media.propmix.io/mktlite/media/image?ListingId=PFX142236592&imageName=4","23"
"5","https://media.propmix.io/mktlite/media/image?ListingId=PFX142236592&imageName=5","23"
"6","https://media.propmix.io/mktlite/media/image?ListingId=PFX142236592&imageName=6","23"
"29","https://media.propmix.io/mktlite/media/image?ListingId=PFX142215716&imageName=13","23"
"30","https://media.propmix.io/mktlite/media/image?ListingId=PFX142215716&imageName=14","23"
"31","https://media.propmix.io/mktlite/media/image?ListingId=PFX142215716&imageName=15","23"
"34","https://media.propmix.io/mktlite/media/image?ListingId=PFX142215716&imageName=18","23"
"40","https://media.propmix.io/mktlite/media/image?ListingId=PFX142243643&imageName=4","23"
"41","https://media.propmix.io/mktlite/media/image?ListingId=PFX142243643&imageName=5","23"
"59","https://media.propmix.io/mktlite/media/image?ListingId=113598322&imageName=5","23"
"60","https://media.propmix.io/mktlite/media/image?ListingId=113598322&imageName=6","23"
"104","https://media.propmix.io/mktlite/media/image?ListingId=PFX116232218&imageName=10","23"
"123","https://media.propmix.io/mktlite/media/image?ListingId=PFX142149621&imageName=10","23"
"134","https://media.propmix.io/mktlite/media/image?ListingId=PFX153908256&imageName=4","23"
"156","https://media.propmix.io/mktlite/media/image?ListingId=PFX142254872&imageName=5","23"
"157","https://media.propmix.io/mktlite/media/image?ListingId=PFX142254872&imageName=6","23"
"158","https://media.propmix.io/mktlite/media/image?ListingId=PFX142254872&imageName=7","23"
"187","https://media.propmix.io/mktlite/media/image?ListingId=PFX131972490&imageName=13","23"
"203","https://media.propmix.io/mktlite/media/image?ListingId=PFX142219682&imageName=13","23"
"210","https://media.propmix.io/mktlite/media/image?ListingId=PFX142219811&imageName=4","23"
"211","https://media.propmix.io/mktlite/media/image?ListingId=PFX142219811&imageName=5","23"
"233","https://media.propmix.io/mktlite/media/image?ListingId=PFX153254791&imageName=12","23"
"248","https://media.propmix.io/mktlite/media/image?ListingId=PFX153254791&imageName=27","23"
"256","https://media.propmix.io/mktlite/media/image?ListingId=PFX142245947&imageName=5","23"
"258","https://media.propmix.io/mktlite/media/image?ListingId=PFX142245947&imageName=7","23"
"257","https://media.propmix.io/mktlite/media/image?ListingId=PFX142245947&imageName=6","23"
"274","https://media.propmix.io/mktlite/media/image?ListingId=PFX142151503&imageName=4","23"
"286","https://media.propmix.io/mktlite/media/image?ListingId=PFX117130149&imageName=4","23"
"299","https://media.propmix.io/mktlite/media/image?ListingId=PFX142193455&imageName=5","23"
"300","https://media.propmix.io/mktlite/media/image?ListingId=PFX142193455&imageName=6","23"
"318","https://media.propmix.io/mktlite/media/image?ListingId=PFX124861816&imageName=5","23"
"319","https://media.propmix.io/mktlite/media/image?ListingId=PFX124861816&imageName=6","23"
"365","https://media.propmix.io/mktlite/media/image?ListingId=PFX131664256&imageName=12","23"
"375","https://media.propmix.io/mktlite/media/image?ListingId=PFX142237157&imageName=6","23"
"389","https://media.propmix.io/mktlite/media/image?ListingId=PFX142248913&imageName=4","23"
"412","https://media.propmix.io/mktlite/media/image?ListingId=PFX142247725&imageName=10","23"
"413","https://media.propmix.io/mktlite/media/image?ListingId=PFX142247725&imageName=11","23"
"428","https://media.propmix.io/mktlite/media/image?ListingId=PFX142245335&imageName=5","23"
"429","https://media.propmix.io/mktlite/media/image?ListingId=PFX142245335&imageName=6","23"
"431","https://media.propmix.io/mktlite/media/image?ListingId=PFX142245335&imageName=8","23"
"454","https://media.propmix.io/mktlite/media/image?ListingId=98828866&imageName=3","23"
"460","https://media.propmix.io/mktlite/media/image?ListingId=98828866&imageName=9","23"
"463","https://media.propmix.io/mktlite/media/image?ListingId=PFX142254478&imageName=2","23"
"464","https://media.propmix.io/mktlite/media/image?ListingId=PFX142254478&imageName=3","23"
"466","https://media.propmix.io/mktlite/media/image?ListingId=PFX142254478&imageName=5","23"
"502","https://media.propmix.io/mktlite/media/image?ListingId=PFX142244589&imageName=6","23"
"503","https://media.propmix.io/mktlite/media/image?ListingId=PFX142244589&imageName=7","23"
"528","https://media.propmix.io/mktlite/media/image?ListingId=PFX142251712&imageName=8","23"
"561","https://media.propmix.io/mktlite/media/image?ListingId=PFX142220630&imageName=5","23"
"562","https://media.propmix.io/mktlite/media/image?ListingId=PFX142220630&imageName=6","23"
"563","https://media.propmix.io/mktlite/media/image?ListingId=PFX142220630&imageName=7","23"
"564","https://media.propmix.io/mktlite/media/image?ListingId=PFX142220630&imageName=8","23"
"586","https://media.propmix.io/mktlite/media/image?ListingId=PFX142194647&imageName=5","23"
"587","https://media.propmix.io/mktlite/media/image?ListingId=PFX142194647&imageName=6","23"
"599","https://media.propmix.io/mktlite/media/image?ListingId=PFX125251667&imageName=5","23"
"600","https://media.propmix.io/mktlite/media/image?ListingId=PFX125251667&imageName=6","23"
"614","https://media.propmix.io/mktlite/media/image?ListingId=PFX142250068&imageName=7","23"
"652","https://media.propmix.io/mktlite/media/image?ListingId=PFX126726285&imageName=6","23"
"665","https://media.propmix.io/mktlite/media/image?ListingId=PFX122523490&imageName=3","23"
"684","https://media.propmix.io/mktlite/media/image?ListingId=PFX142190728&imageName=3","23"
"729","https://media.propmix.io/mktlite/media/image?ListingId=PFX142249083&imageName=6","23"
"747","https://media.propmix.io/mktlite/media/image?ListingId=PFX142201389&imageName=5","23"
"770","https://media.propmix.io/mktlite/media/image?ListingId=PFX142241981&imageName=13","23"
"782","https://media.propmix.io/mktlite/media/image?ListingId=PFX142241981&imageName=25","23"
"836","https://media.propmix.io/mktlite/media/image?ListingId=PFX148931525&imageName=7","23"
"837","https://media.propmix.io/mktlite/media/image?ListingId=PFX148931525&imageName=8","23"
"838","https://media.propmix.io/mktlite/media/image?ListingId=PFX148931525&imageName=9","23"
"839","https://media.propmix.io/mktlite/media/image?ListingId=PFX148931525&imageName=10","23"
"852","https://media.propmix.io/mktlite/media/image?ListingId=PFX123169867&imageName=3","23"
"855","https://media.propmix.io/mktlite/media/image?ListingId=PFX123169867&imageName=6","23"
"872","https://media.propmix.io/mktlite/media/image?ListingId=PFX142157726&imageName=3","23"
"875","https://media.propmix.io/mktlite/media/image?ListingId=PFX142157726&imageName=6","23"
"893","https://media.propmix.io/mktlite/media/image?ListingId=PFX142245638&imageName=4","23"
"899","https://media.propmix.io/mktlite/media/image?ListingId=PFX142245638&imageName=10","23"
"938","https://media.propmix.io/mktlite/media/image?ListingId=PFX142159968&imageName=4","23"
"940","https://media.propmix.io/mktlite/media/image?ListingId=PFX142159968&imageName=6","23"
"943","https://media.propmix.io/mktlite/media/image?ListingId=PFX142159968&imageName=9","23"
"1013","https://media.propmix.io/mktlite/media/image?ListingId=PFX142152876&imageName=6","23"
"1014","https://media.propmix.io/mktlite/media/image?ListingId=PFX142152876&imageName=7","23"
"1015","https://media.propmix.io/mktlite/media/image?ListingId=PFX142152876&imageName=8","23"
"1032","https://media.propmix.io/mktlite/media/image?ListingId=PFX119192128&imageName=6","23"
"1033","https://media.propmix.io/mktlite/media/image?ListingId=PFX119192128&imageName=7","23"
"1034","https://media.propmix.io/mktlite/media/image?ListingId=PFX119192128&imageName=8","23"
"1047","https://media.propmix.io/mktlite/media/image?ListingId=PFX125218262&imageName=2","23"
"1123","https://media.propmix.io/mktlite/media/image?ListingId=PFX131406823&imageName=3","23"
"1126","https://media.propmix.io/mktlite/media/image?ListingId=PFX131406823&imageName=6","23"
"1129","https://media.propmix.io/mktlite/media/image?ListingId=PFX131406823&imageName=9","23"
"1131","https://media.propmix.io/mktlite/media/image?ListingId=PFX131406823&imageName=11","23"
"1142","https://media.propmix.io/mktlite/media/image?ListingId=PFX142218440&imageName=3","23"
"1145","https://media.propmix.io/mktlite/media/image?ListingId=PFX142218440&imageName=6","23"
"1148","https://media.propmix.io/mktlite/media/image?ListingId=PFX142218440&imageName=9","23"
"1150","https://media.propmix.io/mktlite/media/image?ListingId=PFX142218440&imageName=11","23"
"1162","https://media.propmix.io/mktlite/media/image?ListingId=PFX123733788&imageName=4","23"
"1163","https://media.propmix.io/mktlite/media/image?ListingId=PFX123733788&imageName=5","23"
"1164","https://media.propmix.io/mktlite/media/image?ListingId=PFX123733788&imageName=6","23"
"1178","https://media.propmix.io/mktlite/media/image?ListingId=PFX142159535&imageName=4","23"
"1179","https://media.propmix.io/mktlite/media/image?ListingId=PFX142159535&imageName=5","23"
"1194","https://media.propmix.io/mktlite/media/image?ListingId=PFX130400406&imageName=4","23"
"1195","https://media.propmix.io/mktlite/media/image?ListingId=PFX130400406&imageName=5","23"
"1196","https://media.propmix.io/mktlite/media/image?ListingId=PFX130400406&imageName=6","23"
"1214","https://media.propmix.io/mktlite/media/image?ListingId=PFX153383577&imageName=8","23"
"1215","https://media.propmix.io/mktlite/media/image?ListingId=PFX153383577&imageName=9","23"
"1216","https://media.propmix.io/mktlite/media/image?ListingId=PFX153383577&imageName=10","23"
"1217","https://media.propmix.io/mktlite/media/image?ListingId=PFX153383577&imageName=11","23"
"1224","https://media.propmix.io/mktlite/media/image?ListingId=PFX153383577&imageName=18","23"
"1267","https://media.propmix.io/mktlite/media/image?ListingId=PFX153271776&imageName=7","23"
"1268","https://media.propmix.io/mktlite/media/image?ListingId=PFX153271776&imageName=8","23"
"1298","https://media.propmix.io/mktlite/media/image?ListingId=PFX142163763&imageName=12","23"
"1299","https://media.propmix.io/mktlite/media/image?ListingId=PFX142163763&imageName=13","23"
"1340","https://media.propmix.io/mktlite/media/image?ListingId=PFX142162750&imageName=5","23"
"1341","https://media.propmix.io/mktlite/media/image?ListingId=PFX142162750&imageName=6","23"
"1362","https://media.propmix.io/mktlite/media/image?ListingId=PFX142220528&imageName=9","23"
"1411","https://media.propmix.io/mktlite/media/image?ListingId=PFX142214745&imageName=11","23"
"1412","https://media.propmix.io/mktlite/media/image?ListingId=PFX142214745&imageName=12","23"
"1413","https://media.propmix.io/mktlite/media/image?ListingId=PFX142214745&imageName=13","23"
"1420","https://media.propmix.io/mktlite/media/image?ListingId=PFX142218499&imageName=2","23"
"1423","https://media.propmix.io/mktlite/media/image?ListingId=PFX142218499&imageName=5","23"
"1424","https://media.propmix.io/mktlite/media/image?ListingId=PFX142218499&imageName=6","23"
"1443","https://media.propmix.io/mktlite/media/image?ListingId=PFX142220658&imageName=5","23"
"1444","https://media.propmix.io/mktlite/media/image?ListingId=PFX142220658&imageName=6","23"
"1459","https://media.propmix.io/mktlite/media/image?ListingId=PFX142220658&imageName=21","23"
"1460","https://media.propmix.io/mktlite/media/image?ListingId=PFX142220658&imageName=22","23"
"1461","https://media.propmix.io/mktlite/media/image?ListingId=PFX142220658&imageName=23","23"
"1470","https://media.propmix.io/mktlite/media/image?ListingId=PFX142240446&imageName=3","23"
"1489","https://media.propmix.io/mktlite/media/image?ListingId=PFX131971166&imageName=3","23"
"1512","https://media.propmix.io/mktlite/media/image?ListingId=PFX142191234&imageName=7","23"
"1521","https://media.propmix.io/mktlite/media/image?ListingId=PFX142191234&imageName=16","23"
"1576","https://media.propmix.io/mktlite/media/image?ListingId=PFX144978403&imageName=13","23"
"1589","https://media.propmix.io/mktlite/media/image?ListingId=PFX144978403&imageName=26","23"
"1592","https://media.propmix.io/mktlite/media/image?ListingId=PFX127454863&imageName=2","23"
"1593","https://media.propmix.io/mktlite/media/image?ListingId=PFX127454863&imageName=3","23"
"1605","https://media.propmix.io/mktlite/media/image?ListingId=PFX142159884&imageName=2","23"
"1606","https://media.propmix.io/mktlite/media/image?ListingId=PFX142159884&imageName=3","23"
"1607","https://media.propmix.io/mktlite/media/image?ListingId=PFX142159884&imageName=4","23"
"1608","https://media.propmix.io/mktlite/media/image?ListingId=PFX142159884&imageName=5","23"
"1614","https://media.propmix.io/mktlite/media/image?ListingId=PFX142159884&imageName=11","23"
"1639","https://media.propmix.io/mktlite/media/image?ListingId=PFX142236502&imageName=8","23"
"1651","https://media.propmix.io/mktlite/media/image?ListingId=PFX142236502&imageName=20","23"
"1671","https://media.propmix.io/mktlite/media/image?ListingId=PFX130359090&imageName=20","23"
"1677","https://media.propmix.io/mktlite/media/image?ListingId=PFX131630946&imageName=6","23"
"1681","https://media.propmix.io/mktlite/media/image?ListingId=PFX131630946&imageName=10","23"
"1682","https://media.propmix.io/mktlite/media/image?ListingId=PFX131630946&imageName=11","23"
"1691","https://media.propmix.io/mktlite/media/image?ListingId=118978340&imageName=1","23"
"1692","https://media.propmix.io/mktlite/media/image?ListingId=118978340&imageName=2","23"
"1696","https://media.propmix.io/mktlite/media/image?ListingId=118978340&imageName=6","23"
"1698","https://media.propmix.io/mktlite/media/image?ListingId=118978340&imageName=8","23"
"1703","https://media.propmix.io/mktlite/media/image?ListingId=PFX131846480&imageName=3","23"
"1711","https://media.propmix.io/mktlite/media/image?ListingId=PFX131846480&imageName=11","23"
"1719","https://media.propmix.io/mktlite/media/image?ListingId=121822251&imageName=5","23"
"1728","https://media.propmix.io/mktlite/media/image?ListingId=PFX153323611&imageName=4","23"
"1729","https://media.propmix.io/mktlite/media/image?ListingId=PFX153323611&imageName=5","23"
"1741","https://media.propmix.io/mktlite/media/image?ListingId=PFX142273472&imageName=3","23"
"1743","https://media.propmix.io/mktlite/media/image?ListingId=PFX142273472&imageName=5","23"
"1748","https://media.propmix.io/mktlite/media/image?ListingId=PFX142273472&imageName=10","23"
"1756","https://media.propmix.io/mktlite/media/image?ListingId=PFX142273472&imageName=18","23"
"1771","https://media.propmix.io/mktlite/media/image?ListingId=PFX131848835&imageName=3","23"
"1779","https://media.propmix.io/mktlite/media/image?ListingId=PFX131848835&imageName=11","23"
"1782","https://media.propmix.io/mktlite/media/image?ListingId=PFX142262506&imageName=2","23"
"1790","https://media.propmix.io/mktlite/media/image?ListingId=PFX142262506&imageName=10","23"
"1794","https://media.propmix.io/mktlite/media/image?ListingId=PFX131417859&imageName=1","23"
"1802","https://media.propmix.io/mktlite/media/image?ListingId=88432440&imageName=1","23"
"1810","https://media.propmix.io/mktlite/media/image?ListingId=88432440&imageName=9","23"
"1840","https://media.propmix.io/mktlite/media/image?ListingId=PFX142202744&imageName=1","23"
"1848","https://media.propmix.io/mktlite/media/image?ListingId=PFX142202744&imageName=9","23"
"1858","https://media.propmix.io/mktlite/media/image?ListingId=PFX142271183&imageName=3","23"
"1873","https://media.propmix.io/mktlite/media/image?ListingId=PFX149038934&imageName=1","23"
"1904","https://media.propmix.io/mktlite/media/image?ListingId=PFX129226775&imageName=7","23"
"1907","https://media.propmix.io/mktlite/media/image?ListingId=PFX116346661&imageName=1","23"
"1910","https://media.propmix.io/mktlite/media/image?ListingId=PFX116346661&imageName=4","23"
"1937","https://media.propmix.io/mktlite/media/image?ListingId=118616982&imageName=4","23"
"1962","https://media.propmix.io/mktlite/media/image?ListingId=119776459&imageName=1","23"
"1963","https://media.propmix.io/mktlite/media/image?ListingId=119776459&imageName=2","23"
"1973","https://media.propmix.io/mktlite/media/image?ListingId=PFX149587558&imageName=1","23"
"1998","https://media.propmix.io/mktlite/media/image?ListingId=PFX142272423&imageName=3","23"
"2011","https://media.propmix.io/mktlite/media/image?ListingId=PFX142272423&imageName=16","23"
"2020","https://media.propmix.io/mktlite/media/image?ListingId=PFX153219368&imageName=2","23"
"2030","https://media.propmix.io/mktlite/media/image?ListingId=PFX145742532&imageName=1","23"
"2054","https://media.propmix.io/mktlite/media/image?ListingId=PFX125900786&imageName=1","23"
"2055","https://media.propmix.io/mktlite/media/image?ListingId=PFX125900786&imageName=2","23"
"2056","https://media.propmix.io/mktlite/media/image?ListingId=PFX125900786&imageName=3","23"
"2069","https://media.propmix.io/mktlite/media/image?ListingId=PFX142271589&imageName=3","23"
"2096","https://media.propmix.io/mktlite/media/image?ListingId=PFX153284408&imageName=7","23"
"2100","https://media.propmix.io/mktlite/media/image?ListingId=78414435&imageName=3","23"
"2110","https://media.propmix.io/mktlite/media/image?ListingId=PFX130360859&imageName=2","23"
"2122","https://media.propmix.io/mktlite/media/image?ListingId=PFX130360862&imageName=1","23"
"2126","https://media.propmix.io/mktlite/media/image?ListingId=PFX130360862&imageName=5","23"
"2148","https://media.propmix.io/mktlite/media/image?ListingId=PFX130360867&imageName=2","23"
"2159","https://media.propmix.io/mktlite/media/image?ListingId=PFX130360867&imageName=13","23"
"2162","https://media.propmix.io/mktlite/media/image?ListingId=PFX130360869&imageName=2","23"
"2173","https://media.propmix.io/mktlite/media/image?ListingId=PFX130360869&imageName=13","23"
"2176","https://media.propmix.io/mktlite/media/image?ListingId=PFX130369045&imageName=2","23"
"2180","https://media.propmix.io/mktlite/media/image?ListingId=PFX130369045&imageName=6","23"
"2188","https://media.propmix.io/mktlite/media/image?ListingId=PFX130369045&imageName=14","23"
"2191","https://media.propmix.io/mktlite/media/image?ListingId=PFX130369046&imageName=3","23"
"2194","https://media.propmix.io/mktlite/media/image?ListingId=PFX130369046&imageName=6","23"
"2202","https://media.propmix.io/mktlite/media/image?ListingId=PFX130369046&imageName=14","23"
"2204","https://media.propmix.io/mktlite/media/image?ListingId=PFX130369047&imageName=2","23"
"2208","https://media.propmix.io/mktlite/media/image?ListingId=PFX130369047&imageName=6","23"
"2216","https://media.propmix.io/mktlite/media/image?ListingId=PFX130369047&imageName=14","23"
"2217","https://media.propmix.io/mktlite/media/image?ListingId=PFX130369048&imageName=1","23"
"2218","https://media.propmix.io/mktlite/media/image?ListingId=PFX130369048&imageName=2","23"
"2230","https://media.propmix.io/mktlite/media/image?ListingId=PFX130369048&imageName=14","23"
"2233","https://media.propmix.io/mktlite/media/image?ListingId=PFX130369049&imageName=3","23"
"2244","https://media.propmix.io/mktlite/media/image?ListingId=PFX130369049&imageName=14","23"
"2245","https://media.propmix.io/mktlite/media/image?ListingId=PFX130369050&imageName=1","23"
"2249","https://media.propmix.io/mktlite/media/image?ListingId=PFX130369050&imageName=5","23"
"2257","https://media.propmix.io/mktlite/media/image?ListingId=PFX130369050&imageName=13","23"
"2259","https://media.propmix.io/mktlite/media/image?ListingId=PFX130369051&imageName=2","23"
"2263","https://media.propmix.io/mktlite/media/image?ListingId=PFX130369051&imageName=6","23"
"2271","https://media.propmix.io/mktlite/media/image?ListingId=PFX130369051&imageName=14","23"
"2273","https://media.propmix.io/mktlite/media/image?ListingId=PFX131823317&imageName=2","23"
"2274","https://media.propmix.io/mktlite/media/image?ListingId=PFX131823317&imageName=3","23"
"2279","https://media.propmix.io/mktlite/media/image?ListingId=PFX129616073&imageName=2","23"
"2280","https://media.propmix.io/mktlite/media/image?ListingId=PFX129616073&imageName=3","23"
"2281","https://media.propmix.io/mktlite/media/image?ListingId=PFX129616073&imageName=4","23"
"2285","https://media.propmix.io/mktlite/media/image?ListingId=PFX153284410&imageName=1","23"
"2300","https://media.propmix.io/mktlite/media/image?ListingId=PFX116862337&imageName=10","23"
"2306","https://media.propmix.io/mktlite/media/image?ListingId=PFX116862337&imageName=16","23"
"2313","https://media.propmix.io/mktlite/media/image?ListingId=PFX116862337&imageName=23","23"
"2321","https://media.propmix.io/mktlite/media/image?ListingId=PFX142271181&imageName=2","23"
"2337","https://media.propmix.io/mktlite/media/image?ListingId=PFX142271181&imageName=18","23"
"2357","https://media.propmix.io/mktlite/media/image?ListingId=PFX142308174&imageName=6","23"
"2362","https://media.propmix.io/mktlite/media/image?ListingId=PFX116821738&imageName=5","23"
"2388","https://media.propmix.io/mktlite/media/image?ListingId=63231761&imageName=3","23"
"2389","https://media.propmix.io/mktlite/media/image?ListingId=63231761&imageName=4","23"
"2441","https://media.propmix.io/mktlite/media/image?ListingId=PFX147127456&imageName=9","23"
"2468","https://media.propmix.io/mktlite/media/image?ListingId=PFX142205327&imageName=9","23"
"2473","https://media.propmix.io/mktlite/media/image?ListingId=PFX142205327&imageName=14","23"
"2482","https://media.propmix.io/mktlite/media/image?ListingId=PFX142205327&imageName=23","23"
"2487","https://media.propmix.io/mktlite/media/image?ListingId=PFX142205327&imageName=28","23"
"2526","https://media.propmix.io/mktlite/media/image?ListingId=PFX142252425&imageName=19","23"
"2556","https://media.propmix.io/mktlite/media/image?ListingId=PFX130483088&imageName=2","23"
"2585","https://media.propmix.io/mktlite/media/image?ListingId=120453724&imageName=3","23"
"2592","https://media.propmix.io/mktlite/media/image?ListingId=104620032&imageName=1","23"
"2593","https://media.propmix.io/mktlite/media/image?ListingId=104620032&imageName=2","23"
"2598","https://media.propmix.io/mktlite/media/image?ListingId=104620032&imageName=7","23"
"2605","https://media.propmix.io/mktlite/media/image?ListingId=88438017&imageName=4","23"
"2661","https://media.propmix.io/mktlite/media/image?ListingId=118094095&imageName=8","23"
"2666","https://media.propmix.io/mktlite/media/image?ListingId=118094095&imageName=13","23"
"2678","https://media.propmix.io/mktlite/media/image?ListingId=PFX142262508&imageName=3","23"
"2689","https://media.propmix.io/mktlite/media/image?ListingId=PFX142262508&imageName=14","23"
"2705","https://media.propmix.io/mktlite/media/image?ListingId=PFX119232379&imageName=8","23"
"2707","https://media.propmix.io/mktlite/media/image?ListingId=PFX119232379&imageName=10","23"
"2723","https://media.propmix.io/mktlite/media/image?ListingId=PFX125900622&imageName=2","23"
"2724","https://media.propmix.io/mktlite/media/image?ListingId=PFX125900622&imageName=3","23"
"2722","https://media.propmix.io/mktlite/media/image?ListingId=PFX125900622&imageName=1","23"
"2733","https://media.propmix.io/mktlite/media/image?ListingId=PFX145212244&imageName=1","23"
"2741","https://media.propmix.io/mktlite/media/image?ListingId=PFX153583836&imageName=1","23"
"2756","https://media.propmix.io/mktlite/media/image?ListingId=PFX125900218&imageName=5","23"
"2786","https://media.propmix.io/mktlite/media/image?ListingId=PFX129883752&imageName=1","23"
"2800","https://media.propmix.io/mktlite/media/image?ListingId=PFX131561916&imageName=6","23"
"2811","https://media.propmix.io/mktlite/media/image?ListingId=PFX142458037&imageName=2","23"
"2846","https://media.propmix.io/mktlite/media/image?ListingId=PFX130334327&imageName=15","23"
"2869","https://media.propmix.io/mktlite/media/image?ListingId=PFX142261227&imageName=5","23"
"2880","https://media.propmix.io/mktlite/media/image?ListingId=PFX131230914&imageName=2","23"
"2881","https://media.propmix.io/mktlite/media/image?ListingId=PFX131230914&imageName=3","23"
"2891","https://media.propmix.io/mktlite/media/image?ListingId=PFX131230914&imageName=13","23"
"2911","https://media.propmix.io/mktlite/media/image?ListingId=PFX142260419&imageName=12","23"
"2922","https://media.propmix.io/mktlite/media/image?ListingId=PFX129717615&imageName=3","23"
"2942","https://media.propmix.io/mktlite/media/image?ListingId=PFX130347797&imageName=15","23"
"2967","https://media.propmix.io/mktlite/media/image?ListingId=PFX142259654&imageName=12","23"
"2980","https://media.propmix.io/mktlite/media/image?ListingId=PFX142259654&imageName=25","23"
"3051","https://media.propmix.io/mktlite/media/image?ListingId=PFX130480428&imageName=19","23"
"3059","https://media.propmix.io/mktlite/media/image?ListingId=121003664&imageName=3","23"
"3060","https://media.propmix.io/mktlite/media/image?ListingId=121003664&imageName=4","23"
"3073","https://media.propmix.io/mktlite/media/image?ListingId=PFX148873885&imageName=4","23"
"3080","https://media.propmix.io/mktlite/media/image?ListingId=PFX148873885&imageName=11","23"
"3081","https://media.propmix.io/mktlite/media/image?ListingId=PFX148873885&imageName=12","23"
"3083","https://media.propmix.io/mktlite/media/image?ListingId=PFX148873885&imageName=14","23"
"3101","https://media.propmix.io/mktlite/media/image?ListingId=PFX148873885&imageName=32","23"
"3104","https://media.propmix.io/mktlite/media/image?ListingId=PFX148873885&imageName=35","23"
"3115","https://media.propmix.io/mktlite/media/image?ListingId=PFX142261224&imageName=2","23"
"3141","https://media.propmix.io/mktlite/media/image?ListingId=PFX129436486&imageName=21","23"
"3158","https://media.propmix.io/mktlite/media/image?ListingId=PFX129436487&imageName=12","23"
"3165","https://media.propmix.io/mktlite/media/image?ListingId=PFX129436487&imageName=19","23"
"3174","https://media.propmix.io/mktlite/media/image?ListingId=121807755&imageName=4","23"
"3184","https://media.propmix.io/mktlite/media/image?ListingId=121807755&imageName=14","23"
"3186","https://media.propmix.io/mktlite/media/image?ListingId=PFX142133073&imageName=2","23"
"3188","https://media.propmix.io/mktlite/media/image?ListingId=PFX142133073&imageName=4","23"
"3199","https://media.propmix.io/mktlite/media/image?ListingId=PFX142133073&imageName=15","23"
"3200","https://media.propmix.io/mktlite/media/image?ListingId=PFX131416782&imageName=1","23"
"3201","https://media.propmix.io/mktlite/media/image?ListingId=PFX131416782&imageName=2","23"
"3213","https://media.propmix.io/mktlite/media/image?ListingId=PFX131515154&imageName=1","23"
"3214","https://media.propmix.io/mktlite/media/image?ListingId=PFX131515154&imageName=2","23"
"3215","https://media.propmix.io/mktlite/media/image?ListingId=PFX131515154&imageName=3","23"
"3221","https://media.propmix.io/mktlite/media/image?ListingId=PFX142261922&imageName=1","23"
"3223","https://media.propmix.io/mktlite/media/image?ListingId=PFX142261922&imageName=3","23"
"3239","https://media.propmix.io/mktlite/media/image?ListingId=PFX142261922&imageName=19","23"
"3240","https://media.propmix.io/mktlite/media/image?ListingId=PFX131689114&imageName=1","23"
"3241","https://media.propmix.io/mktlite/media/image?ListingId=PFX131689114&imageName=2","23"
"3261","https://media.propmix.io/mktlite/media/image?ListingId=PFX131476890&imageName=3","23"
"3270","https://media.propmix.io/mktlite/media/image?ListingId=PFX54615406&imageName=6","23"
"3273","https://media.propmix.io/mktlite/media/image?ListingId=PFX54615406&imageName=9","23"
"3291","https://media.propmix.io/mktlite/media/image?ListingId=PFX153932138&imageName=6","23"
"3325","https://media.propmix.io/mktlite/media/image?ListingId=PFX142258609&imageName=20","23"
"3249","https://media.propmix.io/mktlite/media/image?ListingId=PFX131689114&imageName=10","23"
"3357","https://media.propmix.io/mktlite/media/image?ListingId=PFX142258610&imageName=27","23"
"3363","https://media.propmix.io/mktlite/media/image?ListingId=PFX148980249&imageName=1","23"
"3372","https://media.propmix.io/mktlite/media/image?ListingId=PFX129532396&imageName=3","23"
"3373","https://media.propmix.io/mktlite/media/image?ListingId=PFX129532396&imageName=4","23"
"3387","https://media.propmix.io/mktlite/media/image?ListingId=PFX129567277&imageName=6","23"
"3389","https://media.propmix.io/mktlite/media/image?ListingId=PFX129567277&imageName=8","23"
"3397","https://media.propmix.io/mktlite/media/image?ListingId=119455839&imageName=4","23"
"3405","https://media.propmix.io/mktlite/media/image?ListingId=PFX142258794&imageName=5","23"
"3413","https://media.propmix.io/mktlite/media/image?ListingId=PFX148412623&imageName=2","23"
"3415","https://media.propmix.io/mktlite/media/image?ListingId=PFX148412623&imageName=4","23"
"3427","https://media.propmix.io/mktlite/media/image?ListingId=119590482&imageName=4","23"
"3432","https://media.propmix.io/mktlite/media/image?ListingId=PFX153368144&imageName=2","23"
"3450","https://media.propmix.io/mktlite/media/image?ListingId=PFX148551002&imageName=3","23"
"3455","https://media.propmix.io/mktlite/media/image?ListingId=116923489&imageName=2","23"
"3464","https://media.propmix.io/mktlite/media/image?ListingId=PFX129674514&imageName=4","23"
"3611","https://media.propmix.io/mktlite/media/image?ListingId=PFX142270974&imageName=30","23"
"3631","https://media.propmix.io/mktlite/media/image?ListingId=116271055&imageName=20","23"
"3670","https://media.propmix.io/mktlite/media/image?ListingId=PFX148827356&imageName=4","23"
"3671","https://media.propmix.io/mktlite/media/image?ListingId=PFX148827356&imageName=5","23"
"3696","https://media.propmix.io/mktlite/media/image?ListingId=PFX142458033&imageName=2","23"
"3705","https://media.propmix.io/mktlite/media/image?ListingId=PFX149007730&imageName=4","23"
"3715","https://media.propmix.io/mktlite/media/image?ListingId=PFX149007730&imageName=14","23"
"3718","https://media.propmix.io/mktlite/media/image?ListingId=PFX146922339&imageName=1","23"
"3719","https://media.propmix.io/mktlite/media/image?ListingId=PFX146922339&imageName=2","23"
"3717","https://media.propmix.io/mktlite/media/image?ListingId=PFX149007730&imageName=16","23"
"3742","https://media.propmix.io/mktlite/media/image?ListingId=PFX153259109&imageName=2","23"
"3747","https://media.propmix.io/mktlite/media/image?ListingId=PFX153259109&imageName=7","23"
"3771","https://media.propmix.io/mktlite/media/image?ListingId=95228704&imageName=2","23"
"3792","https://media.propmix.io/mktlite/media/image?ListingId=PFX150870146&imageName=1","23"
"3805","https://media.propmix.io/mktlite/media/image?ListingId=PFX131354470&imageName=3","23"
"3835","https://media.propmix.io/mktlite/media/image?ListingId=104621582&imageName=2","23"
"3836","https://media.propmix.io/mktlite/media/image?ListingId=104621582&imageName=3","23"
"3854","https://media.propmix.io/mktlite/media/image?ListingId=PFX142208535&imageName=1","23"
"3855","https://media.propmix.io/mktlite/media/image?ListingId=PFX142208535&imageName=2","23"
"3871","https://media.propmix.io/mktlite/media/image?ListingId=PFX150408017&imageName=2","23"
"3874","https://media.propmix.io/mktlite/media/image?ListingId=PFX150408017&imageName=5","23"
"3889","https://media.propmix.io/mktlite/media/image?ListingId=PFX150408017&imageName=20","23"
"3897","https://media.propmix.io/mktlite/media/image?ListingId=PFX118813892&imageName=3","23"
"3898","https://media.propmix.io/mktlite/media/image?ListingId=PFX118813892&imageName=4","23"
"3899","https://media.propmix.io/mktlite/media/image?ListingId=PFX118813892&imageName=5","23"
"3901","https://media.propmix.io/mktlite/media/image?ListingId=PFX118813892&imageName=7","23"
"3904","https://media.propmix.io/mktlite/media/image?ListingId=PFX118813892&imageName=10","23"
"3921","https://media.propmix.io/mktlite/media/image?ListingId=PFX129386787&imageName=3","23"
"3953","https://media.propmix.io/mktlite/media/image?ListingId=PFX142270486&imageName=21","23"
"3958","https://media.propmix.io/mktlite/media/image?ListingId=PFX153901761&imageName=1","23"
"3980","https://media.propmix.io/mktlite/media/image?ListingId=PFX129895985&imageName=3","23"
"3995","https://media.propmix.io/mktlite/media/image?ListingId=PFX129895985&imageName=18","23"
"4012","https://media.propmix.io/mktlite/media/image?ListingId=PFX142257920&imageName=17","23"
"4014","https://media.propmix.io/mktlite/media/image?ListingId=112100596&imageName=2","23"
"4032","https://media.propmix.io/mktlite/media/image?ListingId=PFX123717296&imageName=3","23"
"4042","https://media.propmix.io/mktlite/media/image?ListingId=116934751&imageName=1","23"
"4049","https://media.propmix.io/mktlite/media/image?ListingId=PFX129598627&imageName=2","23"
"4050","https://media.propmix.io/mktlite/media/image?ListingId=PFX129598627&imageName=3","23"
"4061","https://media.propmix.io/mktlite/media/image?ListingId=70845193&imageName=1","23"
"4062","https://media.propmix.io/mktlite/media/image?ListingId=70845193&imageName=2","23"
"4024","https://media.propmix.io/mktlite/media/image?ListingId=PFX116032234&imageName=2","23"
"4076","https://media.propmix.io/mktlite/media/image?ListingId=PFX102137352&imageName=2","23"
"4077","https://media.propmix.io/mktlite/media/image?ListingId=PFX102137352&imageName=3","23"
"4101","https://media.propmix.io/mktlite/media/image?ListingId=PFX142273131&imageName=4","23"
"4122","https://media.propmix.io/mktlite/media/image?ListingId=PFX142273131&imageName=25","23"
"4123","https://media.propmix.io/mktlite/media/image?ListingId=PFX142258875&imageName=1","23"
"4124","https://media.propmix.io/mktlite/media/image?ListingId=PFX142258875&imageName=2","23"
"4137","https://media.propmix.io/mktlite/media/image?ListingId=PFX142270640&imageName=1","23"
"4250","https://media.propmix.io/mktlite/media/image?ListingId=PFX142260014&imageName=18","23"
"4286","https://media.propmix.io/mktlite/media/image?ListingId=PFX130516555&imageName=10","23"
"4305","https://media.propmix.io/mktlite/media/image?ListingId=PFX142199255&imageName=10","23"
"4319","https://media.propmix.io/mktlite/media/image?ListingId=PFX131590810&imageName=5","23"
"4323","https://media.propmix.io/mktlite/media/image?ListingId=PFX131590810&imageName=9","23"
"4335","https://media.propmix.io/mktlite/media/image?ListingId=PFX142200331&imageName=5","23"
"4339","https://media.propmix.io/mktlite/media/image?ListingId=PFX142200331&imageName=9","23"
"4353","https://media.propmix.io/mktlite/media/image?ListingId=PFX142201340&imageName=7","23"
"4393","https://media.propmix.io/mktlite/media/image?ListingId=PFX142159955&imageName=6","23"
"4449","https://media.propmix.io/mktlite/media/image?ListingId=PFX154205077&imageName=10","23"
"4450","https://media.propmix.io/mktlite/media/image?ListingId=PFX154205077&imageName=11","23"
"4474","https://media.propmix.io/mktlite/media/image?ListingId=PFX131937820&imageName=4","23"
"4484","https://media.propmix.io/mktlite/media/image?ListingId=PFX142240306&imageName=4","23"
"4524","https://media.propmix.io/mktlite/media/image?ListingId=PFX149017623&imageName=16","23"
"4543","https://media.propmix.io/mktlite/media/image?ListingId=PFX142163903&imageName=3","23"
"4552","https://media.propmix.io/mktlite/media/image?ListingId=PFX129835961&imageName=4","23"
"4608","https://media.propmix.io/mktlite/media/image?ListingId=PFX142161959&imageName=7","23"
"4628","https://media.propmix.io/mktlite/media/image?ListingId=PFX125344870&imageName=7","23"
"4720","https://media.propmix.io/mktlite/media/image?ListingId=PFX142195203&imageName=15","23"
"4719","https://media.propmix.io/mktlite/media/image?ListingId=PFX142195203&imageName=14","23"
"4751","https://media.propmix.io/mktlite/media/image?ListingId=PFX142629472&imageName=3","23"
"4785","https://media.propmix.io/mktlite/media/image?ListingId=PFX142241919&imageName=14","23"
"4786","https://media.propmix.io/mktlite/media/image?ListingId=PFX142241919&imageName=15","23"
"4787","https://media.propmix.io/mktlite/media/image?ListingId=PFX142241919&imageName=16","23"
"4805","https://media.propmix.io/mktlite/media/image?ListingId=PFX142157565&imageName=7","23"
"4825","https://media.propmix.io/mktlite/media/image?ListingId=PFX123126658&imageName=7","23"
"4843","https://media.propmix.io/mktlite/media/image?ListingId=PFX142162982&imageName=5","23"
"4857","https://media.propmix.io/mktlite/media/image?ListingId=PFX129842606&imageName=5","23"
"4866","https://media.propmix.io/mktlite/media/image?ListingId=PFX129842606&imageName=14","23"
"4875","https://media.propmix.io/mktlite/media/image?ListingId=PFX142161327&imageName=7","23"
"4887","https://media.propmix.io/mktlite/media/image?ListingId=PFX122567529&imageName=3","23"
"4888","https://media.propmix.io/mktlite/media/image?ListingId=PFX122567529&imageName=4","23"
"4912","https://media.propmix.io/mktlite/media/image?ListingId=PFX142221104&imageName=6","23"
"4915","https://media.propmix.io/mktlite/media/image?ListingId=PFX142221104&imageName=9","23"
"4916","https://media.propmix.io/mktlite/media/image?ListingId=PFX142221104&imageName=10","23"
"4928","https://media.propmix.io/mktlite/media/image?ListingId=PFX142201147&imageName=2","23"
"4932","https://media.propmix.io/mktlite/media/image?ListingId=PFX142201147&imageName=6","23"
"4940","https://media.propmix.io/mktlite/media/image?ListingId=PFX131690894&imageName=5","23"
"4941","https://media.propmix.io/mktlite/media/image?ListingId=PFX131690894&imageName=6","23"
"4957","https://media.propmix.io/mktlite/media/image?ListingId=PFX142239224&imageName=5","23"
"4958","https://media.propmix.io/mktlite/media/image?ListingId=PFX142239224&imageName=6","23"
"4899","https://media.propmix.io/mktlite/media/image?ListingId=PFX142155961&imageName=4","23"
"5010","https://media.propmix.io/mktlite/media/image?ListingId=PFX116853275&imageName=4","23"
"5023","https://media.propmix.io/mktlite/media/image?ListingId=PFX142150761&imageName=4","23"
"5024","https://media.propmix.io/mktlite/media/image?ListingId=PFX142150761&imageName=5","23"
"5037","https://media.propmix.io/mktlite/media/image?ListingId=PFX142158876&imageName=5","23"
"5038","https://media.propmix.io/mktlite/media/image?ListingId=PFX142158876&imageName=6","23"
"5040","https://media.propmix.io/mktlite/media/image?ListingId=PFX142158876&imageName=8","23"
"5039","https://media.propmix.io/mktlite/media/image?ListingId=PFX142158876&imageName=7","23"
"5056","https://media.propmix.io/mktlite/media/image?ListingId=PFX123478263&imageName=5","23"
"5057","https://media.propmix.io/mktlite/media/image?ListingId=PFX123478263&imageName=6","23"
"5058","https://media.propmix.io/mktlite/media/image?ListingId=PFX123478263&imageName=7","23"
"5137","https://media.propmix.io/mktlite/media/image?ListingId=PFX142216847&imageName=7","23"
"5189","https://media.propmix.io/mktlite/media/image?ListingId=PFX142197477&imageName=3","23"
"5197","https://media.propmix.io/mktlite/media/image?ListingId=PFX148500429&imageName=1","23"
"5206","https://media.propmix.io/mktlite/media/image?ListingId=PFX148500429&imageName=10","23"
"5232","https://media.propmix.io/mktlite/media/image?ListingId=PFX142164228&imageName=16","23"
"5239","https://media.propmix.io/mktlite/media/image?ListingId=PFX142243855&imageName=5","23"
"5244","https://media.propmix.io/mktlite/media/image?ListingId=PFX142243855&imageName=10","23"
"5245","https://media.propmix.io/mktlite/media/image?ListingId=PFX142243855&imageName=11","23"
"5253","https://media.propmix.io/mktlite/media/image?ListingId=PFX142162273&imageName=5","23"
"5271","https://media.propmix.io/mktlite/media/image?ListingId=PFX126928060&imageName=5","23"
"5326","https://media.propmix.io/mktlite/media/image?ListingId=96578204&imageName=46","23"
"5331","https://media.propmix.io/mktlite/media/image?ListingId=87727454&imageName=4","23"
"5332","https://media.propmix.io/mktlite/media/image?ListingId=87727454&imageName=5","23"
"5333","https://media.propmix.io/mktlite/media/image?ListingId=87727454&imageName=6","23"
"5376","https://media.propmix.io/mktlite/media/image?ListingId=89430807&imageName=4","23"
"5378","https://media.propmix.io/mktlite/media/image?ListingId=89430807&imageName=6","23"
"5403","https://media.propmix.io/mktlite/media/image?ListingId=96563781&imageName=10","23"
"5404","https://media.propmix.io/mktlite/media/image?ListingId=96563781&imageName=11","23"
"5415","https://media.propmix.io/mktlite/media/image?ListingId=96563781&imageName=22","23"
"5438","https://media.propmix.io/mktlite/media/image?ListingId=96563781&imageName=45","23"
"5460","https://media.propmix.io/mktlite/media/image?ListingId=PFX140565494&imageName=10","23"
"5524","https://media.propmix.io/mktlite/media/image?ListingId=90906913&imageName=19","23"
"5572","https://media.propmix.io/mktlite/media/image?ListingId=PFX142783060&imageName=8","23"
"5574","https://media.propmix.io/mktlite/media/image?ListingId=PFX142783060&imageName=10","23"
"5573","https://media.propmix.io/mktlite/media/image?ListingId=PFX142783060&imageName=9","23"
"5576","https://media.propmix.io/mktlite/media/image?ListingId=PFX142783060&imageName=12","23"
"5577","https://media.propmix.io/mktlite/media/image?ListingId=PFX142783060&imageName=13","23"
"5615","https://media.propmix.io/mktlite/media/image?ListingId=PFX155472819&imageName=10","23"
"5616","https://media.propmix.io/mktlite/media/image?ListingId=PFX155472819&imageName=11","23"
"5617","https://media.propmix.io/mktlite/media/image?ListingId=PFX155472819&imageName=12","23"
"5618","https://media.propmix.io/mktlite/media/image?ListingId=PFX155472819&imageName=13","23"
"5619","https://media.propmix.io/mktlite/media/image?ListingId=PFX155472819&imageName=14","23"
"5703","https://media.propmix.io/mktlite/media/image?ListingId=PFX141669776&imageName=11","23"
"5722","https://media.propmix.io/mktlite/media/image?ListingId=PFX141662033&imageName=8","23"
"5726","https://media.propmix.io/mktlite/media/image?ListingId=PFX141662033&imageName=12","23"
"5728","https://media.propmix.io/mktlite/media/image?ListingId=PFX141662033&imageName=14","23"
"5748","https://media.propmix.io/mktlite/media/image?ListingId=PFX141662704&imageName=6","23"
"5751","https://media.propmix.io/mktlite/media/image?ListingId=PFX141662704&imageName=9","23"
"5773","https://media.propmix.io/mktlite/media/image?ListingId=PFX141711426&imageName=13","23"
"5774","https://media.propmix.io/mktlite/media/image?ListingId=PFX141711426&imageName=14","23"
"5832","https://media.propmix.io/mktlite/media/image?ListingId=PFX141668188&imageName=11","23"
"5848","https://media.propmix.io/mktlite/media/image?ListingId=PFX141668188&imageName=27","23"
"5849","https://media.propmix.io/mktlite/media/image?ListingId=PFX141668188&imageName=28","23"
"5861","https://media.propmix.io/mktlite/media/image?ListingId=PFX150715302&imageName=7","23"
"5862","https://media.propmix.io/mktlite/media/image?ListingId=PFX150715302&imageName=8","23"
"5884","https://media.propmix.io/mktlite/media/image?ListingId=PFX141670086&imageName=9","23"
"5932","https://media.propmix.io/mktlite/media/image?ListingId=PFX141675262&imageName=6","23"
"5989","https://media.propmix.io/mktlite/media/image?ListingId=PFX141675816&imageName=5","23"
"5990","https://media.propmix.io/mktlite/media/image?ListingId=PFX141675816&imageName=6","23"
"6006","https://media.propmix.io/mktlite/media/image?ListingId=PFX153236438&imageName=6","23"
"6012","https://media.propmix.io/mktlite/media/image?ListingId=PFX153236438&imageName=12","23"
"6089","https://media.propmix.io/mktlite/media/image?ListingId=PFX150062048&imageName=5","23"
"6092","https://media.propmix.io/mktlite/media/image?ListingId=PFX150062048&imageName=8","23"
"6105","https://media.propmix.io/mktlite/media/image?ListingId=PFX150062048&imageName=21","23"
"6122","https://media.propmix.io/mktlite/media/image?ListingId=PFX141669895&imageName=3","23"
"6123","https://media.propmix.io/mktlite/media/image?ListingId=PFX141669895&imageName=4","23"
"6166","https://media.propmix.io/mktlite/media/image?ListingId=PFX141666959&imageName=4","23"
"6167","https://media.propmix.io/mktlite/media/image?ListingId=PFX141666959&imageName=5","23"
"6194","https://media.propmix.io/mktlite/media/image?ListingId=PFX141650548&imageName=4","23"
"6222","https://media.propmix.io/mktlite/media/image?ListingId=PFX141676680&imageName=3","23"
"6232","https://media.propmix.io/mktlite/media/image?ListingId=PFX141672673&imageName=3","23"
"6263","https://media.propmix.io/mktlite/media/image?ListingId=PFX141671972&imageName=7","23"
"6284","https://media.propmix.io/mktlite/media/image?ListingId=PFX141681578&imageName=5","23"
"6285","https://media.propmix.io/mktlite/media/image?ListingId=PFX141681578&imageName=6","23"
"6299","https://media.propmix.io/mktlite/media/image?ListingId=PFX153560379&imageName=6","23"
"6298","https://media.propmix.io/mktlite/media/image?ListingId=PFX153560379&imageName=5","23"
"6314","https://media.propmix.io/mktlite/media/image?ListingId=PFX153560379&imageName=21","23"
"6320","https://media.propmix.io/mktlite/media/image?ListingId=PFX141648420&imageName=6","23"
"6343","https://media.propmix.io/mktlite/media/image?ListingId=PFX141666798&imageName=11","23"
"6347","https://media.propmix.io/mktlite/media/image?ListingId=PFX141666798&imageName=15","23"
"6391","https://media.propmix.io/mktlite/media/image?ListingId=PFX141688740&imageName=7","23"
"6430","https://media.propmix.io/mktlite/media/image?ListingId=PFX141662820&imageName=6","23"
"6431","https://media.propmix.io/mktlite/media/image?ListingId=PFX141662820&imageName=7","23"
"6449","https://media.propmix.io/mktlite/media/image?ListingId=PFX141666500&imageName=12","23"
"6476","https://media.propmix.io/mktlite/media/image?ListingId=PFX144297157&imageName=8","23"
"6492","https://media.propmix.io/mktlite/media/image?ListingId=PFX155533380&imageName=6","23"
"6493","https://media.propmix.io/mktlite/media/image?ListingId=PFX155533380&imageName=7","23"
"6512","https://media.propmix.io/mktlite/media/image?ListingId=PFX141671900&imageName=7","23"
"6555","https://media.propmix.io/mktlite/media/image?ListingId=PFX141664645&imageName=5","23"
"6579","https://media.propmix.io/mktlite/media/image?ListingId=PFX141682967&imageName=6","23"
"6606","https://media.propmix.io/mktlite/media/image?ListingId=PFX141686895&imageName=20","23"
"6607","https://media.propmix.io/mktlite/media/image?ListingId=PFX141686895&imageName=21","23"
"6691","https://media.propmix.io/mktlite/media/image?ListingId=PFX141667782&imageName=19","23"
"6757","https://media.propmix.io/mktlite/media/image?ListingId=PFX141670833&imageName=3","23"
"6800","https://media.propmix.io/mktlite/media/image?ListingId=PFX141664600&imageName=5","23"
"6817","https://media.propmix.io/mktlite/media/image?ListingId=PFX141661716&imageName=5","23"
"6850","https://media.propmix.io/mktlite/media/image?ListingId=PFX141678536&imageName=5","23"
"6864","https://media.propmix.io/mktlite/media/image?ListingId=PFX141680192&imageName=7","23"
"6865","https://media.propmix.io/mktlite/media/image?ListingId=PFX141680192&imageName=8","23"
